time,ammeter_CS1,ammeter_PFP1,flux_loop_1,flux_loop_2,flux_loop_8
0.0,1.7144873,0.80701727,1.2349415e-05,-4.0784744e-05,-7.806527e-05
0.001,0.049146485,0.7237961,-1.7801729e-05,-6.96577e-05,-7.8006386e-05
0.002,-1.4461501,-0.11184182,-1.6708947e-05,-1.1917347e-05,-4.7560396e-05
0.003,-0.9991052,-0.85252976,1.1051917e-05,-1.5899186e-05,-1.690557e-05
0.004,4.176286,-0.3832249,4.192054e-05,-1.1925418e-05,7.455401e-05
0.005,6.760797,-0.86360353,7.05635e-05,-1.1945913e-05,0.000105143525
0.006,9.483067,-2.0678487,4.0529183e-05,-8.023734e-06,7.4676034e-05
0.006999999999999999,1.1470033,-1.7023554,1.4160214e-05,-1.1981424e-05,0.00010110517
0.008,-1.8129385,-0.43325666,4.3650612e-05,-1.1882556e-05,4.3945878e-05
0.009,-3.7631085,0.47510183,4.0930485e-05,2.1559305e-05,4.4157012e-05
0.01,-3.150607,-0.9604939,1.11905465e-05,1.6901535e-05,0.00010522065
0.011,-3.9257858,-0.19894889,1.0404489e-05,-4.0831095e-05,0.00010528837
0.012,-3.3970695,0.33697623,1.1084827e-05,-6.967104e-05,7.472964e-05
0.013,0.92809194,0.53801465,-2.2602957e-05,-3.6133042e-05,7.469716e-05
0.013999999999999999,6.0304055,-0.201971,-1.8384333e-05,-6.967044e-05,1.3712279e-05
0.015,7.6966643,-0.92713505,-4.859414e-05,-1.1974631e-05,-4.7259793e-05
0.016,8.105215,-0.95549506,4.0597803e-05,-4.081313e-05,-4.730517e-05
0.016999999999999998,1.1827533,-0.20600325,6.5075285e-05,-8.017899e-06,-4.7224647e-05
0.018,-0.19802134,-0.36059707,4.0555555e-05,-1.1957202e-05,8.818119e-06
0.019,-1.533093,-0.43540922,7.136785e-05,-1.1924547e-05,-1.6854628e-05
0.02,0.28358454,1.1087644,4.039508e-05,-1.1960898e-05,-7.7770026e-05
0.020999999999999998,-2.465749,1.708261,-1.7953755e-05,1.6911168e-05,-7.780655e-05
0.022,-5.063276,1.4222798,-1.8974004e-05,1.688629e-05,-4.720387e-05
0.023,-1.4581141,-0.9940542,4.0092862e-05,-4.082467e-05,-4.720173e-05
0.024,3.201975,-0.4701117,1.0761973e-05,-4.0820796e-05,1.3831623e-05
0.024999999999999998,8.740865,-1.6442007,-1.9798665e-05,1.6866441e-05,0.000105473664
0.026,10.216531,-0.5349413,-1.8589617e-05,-1.1960582e-05,7.487574e-05
0.027,1.3332834,1.6546904,-1.779114e-05,-4.5454377e-05,7.4825955e-05
0.027999999999999997,-1.8878083,0.689804,-1.5524578e-05,-1.594763e-05,4.4450037e-05
0.028999999999999998,-2.2100825,0.61670923,1.1413592e-05,1.6909251e-05,4.4347995e-05
0.03,-2.5584602,-0.1590995,7.0418384e-05,1.6910257e-05,0.00010538999
0.031,-2.7848418,0.6699135,1.1192165e-05,-1.19527e-05,0.00010541852
0.032,-3.8763921,1.8500346,4.118217e-05,-1.1940191e-05,4.4355198e-05
0.033,1.0052112,0.9436546,4.0458584e-05,4.17749e-05,7.914583e-05
0.033999999999999996,5.599614,0.6983705,6.933318e-05,1.6884142e-05,-1.6562328e-05
0.034999999999999996,7.5592313,-0.2284369,-1.7969493e-05,-1.1944321e-05,-7.7673394e-05
0.036,7.604276,-1.7120447,1.0963698e-05,-6.9671165e-05,-4.71055e-05
0.037,1.1373227,-0.71584195,-1.9714744e-05,-4.084357e-05,-4.7007517e-05
0.038,-0.05238233,1.1079432,-4.886878e-05,-4.083536e-05,-1.650498e-05
0.039,-1.400386,-1.0469377,-1.88774e-05,-1.1966093e-05,-4.7050755e-05
0.04,0.16139363,-0.1871974,-1.849475e-05,-1.1956598e-05,-7.75873e-05
0.040999999999999995,-2.2670538,0.9510799,7.040911e-05,-1.1945431e-05,-7.7611316e-05
0.041999999999999996,-1.8899349,-0.4679309,9.837295e-06,-1.1984593e-05,-4.69654e-05
0.043,-1.8164413,0.51195526,1.15726825e-05,-1.1941956e-05,-1.6567059e-05
0.044,2.7566884,-0.7769455,6.958177e-05,-1.1965346e-05,4.4548768e-05
0.045,4.5362024,-1.2525108,3.9429346e-05,-4.0838324e-05,7.512529e-05
0.046,8.272254,-1.4790608,-1.915077e-05,4.574153e-05,7.510591e-05
0.047,-0.15980121,1.6573703,-1.8938126e-05,-6.498574e-05,7.5099575e-05
0.048,-0.9257446,2.2947516,5.0518843e-06,-6.969785e-05,4.464557e-05
0.048999999999999995,-1.8590276,0.30343682,-1.7576038e-05,-4.078975e-05,4.4499877e-05
0.049999999999999996,-3.071635,-0.8030486,-1.9241019e-05,-3.6911086e-05,0.00010566802
0.051,-3.6428099,0.4722367,-1.8558689e-05,-6.967032e-05,0.00010562685
0.052,-3.211348,0.57924473,-1.7992617e-05,-1.1942874e-05,7.5076605e-05
0.053,2.3876843,-1.0771235,7.0025955e-05,-4.0810122e-05,4.4600685e-05
0.054,5.882209,-0.5454055,3.975754e-05,-4.0829214e-05,1.4150708e-05
0.055,6.336957,-0.2952498,6.9452864e-05,-4.0823925e-05,-7.740841e-05
0.055999999999999994,7.3768044,-0.8012318,7.007618e-05,-4.0808536e-05,-4.6927606e-05
0.056999999999999995,2.008627,-0.61083454,4.068707e-05,1.6907405e-05,-7.744283e-05
0.057999999999999996,1.3084474,1.6742575,1.1297645e-05,4.5766574e-05,-1.6405242e-05
0.059,-1.0522783,0.5769883,4.0173225e-05,-6.576455e-05,-4.6868277e-05
0.06,0.9099041,0.6182421,9.1429065e-06,-6.9712936e-05,-7.72618e-05
0.061,-0.6537384,0.6310047,3.8722166e-05,-6.971049e-05,-7.725942e-05
0.062,-2.1781442,0.9025879,9.804671e-06,-4.4804467e-05,-4.677442e-05
0.063,-0.44802678,0.06769494,-1.976192e-05,-4.0841645e-05,-1.6241289e-05
0.064,3.02783,-1.154578,-1.925626e-05,-4.0829138e-05,1.4248344e-05
0.065,5.1935606,-0.045084395,6.460485e-05,-4.0826697e-05,0.00013632115
0.066,6.2611175,-1.840329,3.960906e-05,-4.083143e-05,7.530996e-05
0.06699999999999999,-1.052932,-0.6683805,7.018376e-05,-1.1947871e-05,7.5238524e-05
0.06799999999999999,-1.5516137,0.12817578,3.9676506e-05,-1.1972816e-05,1.4288711e-05
0.06899999999999999,-2.9376557,0.47824726,6.943669e-05,1.6890825e-05,4.4795233e-05
0.06999999999999999,-2.5661106,1.7576463,9.97721e-06,1.6878916e-05,0.00010587631
0.071,-3.5391064,0.64739823,3.914491e-05,1.6871278e-05,0.00010590922
0.072,-2.225162,0.88929087,6.790254e-05,-1.2003171e-05,7.545483e-05
0.073,1.7025343,0.3931231,9.323333e-06,-1.1993512e-05,7.543538e-05
0.074,4.813012,-0.64220965,1.0416224e-05,-4.0823343e-05,1.432867e-05
0.075,5.896601,-0.78838927,-1.9027095e-05,-4.082222e-05,-7.721784e-05
0.076,8.022578,-0.05775474,1.5001594e-05,-6.509428e-05,-7.719777e-05
0.077,2.1457047,0.50104916,-1.5106127e-05,-1.1969347e-05,-7.71866e-05
0.078,0.40199623,-0.10707171,3.9460887e-05,1.2850195e-05,-1.6118718e-05
0.079,-2.1397629,-0.046748754,6.904137e-05,-4.0831164e-05,-4.663402e-05
0.08,0.50603837,-0.11208589,3.97088e-05,-1.1970603e-05,-7.715345e-05
0.081,-1.6886064,-0.7077056,6.817455e-05,-4.0852166e-05,-0.00010758599
0.08199999999999999,-2.882683,2.1146069,1.0823203e-05,4.575779e-05,-4.6661386e-05
0.08299999999999999,0.98828554,-0.82256037,1.09810135e-05,4.5761775e-05,-4.666366e-05
0.08399999999999999,3.8375754,-0.46882817,3.956365e-05,4.5739806e-05,4.496548e-05
0.08499999999999999,5.5458302,-1.611433,9.645533e-06,-6.969766e-05,0.00010604233
0.086,8.457612,-1.5941944,-4.823535e-05,1.6899336e-05,7.54534e-05
0.087,0.06741154,-1.3337111,-1.9884676e-05,-1.1985085e-05,7.5546894e-05
0.088,-2.5408328,0.8582016,8.931585e-06,-4.085806e-05,4.5088305e-05
0.089,-3.537221,-1.040045,-2.3387802e-05,-4.0927403e-05,4.5307967e-05
0.09,-3.6827044,1.402535,3.96626e-05,-1.197055e-05,0.00010604996
0.091,-3.5664146,1.7354015,4.2105028e-05,1.6946175e-05,0.00010587827
0.092,-4.0838566,2.1414516,3.9035393e-05,1.6871083e-05,7.559763e-05
0.093,0.71293235,0.7951843,4.3135344e-05,4.098292e-05,7.5661184e-05
0.094,4.402628,0.23320241,9.738951e-06,4.573265e-05,-1.5950245e-05
0.095,5.496464,-1.0630915,3.9728733e-05,1.6888425e-05,-7.70135e-05
0.096,5.389505,-0.6772472,9.861629e-05,-1.5982529e-05,-4.6480465e-05
0.09699999999999999,-0.07945763,-0.3992689,3.9038434e-05,-6.969847e-05,-7.6943455e-05
0.09799999999999999,-2.4300373,1.7039268,1.0061224e-05,-4.0829196e-05,-1.593643e-05
0.09899999999999999,-1.2683272,1.9224395,1.0040864e-05,-4.082958e-05,-2.0159392e-05
0.09999999999999999,1.0288883,-0.1099746,1.0896127e-05,-1.1951778e-05,-0.000103267885
0.10099999999999999,-0.97814876,0.77041024,-2.0134758e-05,-4.084628e-05,-7.6890574e-05
0.102,-4.1063786,-0.40011457,-1.9922649e-05,1.6872526e-05,-4.637927e-05
0.103,-3.4683375,-1.944606,-1.9475126e-05,1.6883609e-05,-4.6403027e-05
0.104,3.8241377,-0.5946497,3.829774e-05,-1.20023315e-05,4.5247914e-05
0.105,5.31332,0.28717557,9.7290285e-06,1.6876982e-05,0.0001062247
0.106,6.5111294,-0.5079947,-2.0481324e-05,4.571604e-05,7.577027e-05
0.107,0.07377115,-0.010154255,3.6006317e-05,1.6899123e-05,7.565957e-05
0.108,-3.530351,0.12275954,9.663767e-06,-1.1981024e-05,4.5222576e-05
0.109,-5.430015,-0.034868143,-2.0136122e-05,4.572485e-05,4.5255405e-05
0.11,-4.300243,-0.1805884,9.794713e-06,-1.1977579e-05,0.00010626697
0.111,-3.692965,1.2333533,1.0181798e-05,-1.1967976e-05,0.000106247695
0.11199999999999999,-4.3111157,0.46651828,9.159365e-06,-6.9706366e-05,7.581524e-05
0.11299999999999999,0.74050075,-0.28741243,-2.016693e-05,-1.1988919e-05,4.5295405e-05
0.11399999999999999,5.9942575,-0.8891849,-1.924654e-05,-1.196625e-05,-1.5798669e-05
0.11499999999999999,7.102423,-0.258939,-2.0209596e-05,1.6867036e-05,-4.6235426e-05
0.11599999999999999,8.89006,-0.46098164,6.921674e-05,-4.0822484e-05,-5.0451385e-05
0.11699999999999999,1.4141645,-0.18270098,3.9240214e-05,4.573579e-05,-7.255436e-05
0.118,-1.3898442,0.08013506,3.792591e-05,-7.994843e-06,-1.5627767e-05
0.119,-0.8743529,0.5195995,3.9549184e-05,-1.19698925e-05,-4.625631e-05
0.12,0.2829732,-0.03152761,3.923299e-05,1.6879241e-05,-7.674104e-05
0.121,-1.1214527,-0.7776316,3.967866e-05,1.689028e-05,-0.00010236225
0.122,-1.7998381,0.06495177,8.942789e-06,-1.199703e-05,-4.6144818e-05
0.123,0.15799087,0.5348762,1.0268438e-05,-1.1964432e-05,-1.984949e-05
0.124,4.7227564,-1.1242055,9.66021e-06,-4.083594e-05,4.537369e-05
0.125,7.925192,-1.1530664,5.3046124e-06,-3.700696e-05,7.593275e-05
0.126,6.745227,-0.0373068,-1.8869076e-05,-1.195558e-05,7.583928e-05
0.127,-1.1826724,-0.14178275,-1.8777364e-05,-1.1953214e-05,0.00010635961
0.128,-4.5985537,1.7898717,6.8129775e-05,-6.970443e-05,1.9147656e-05
0.129,-4.254859,1.9678569,9.256997e-06,1.6868262e-05,4.5450728e-05
0.13,-5.37116,2.0367248,8.94093e-06,1.6860635e-05,0.00013703645
0.131,-6.218666,1.8901591,9.624096e-06,-1.1979271e-05,0.000106477615
0.132,-5.478117,0.80017704,3.9203176e-05,1.6879934e-05,7.5962314e-05
0.133,0.76645285,-0.22870873,9.402849e-06,-1.1984454e-05,4.5477627e-05
0.13399999999999998,6.7004313,-1.4290483,-1.9692898e-05,-1.19748165e-05,-1.5577007e-05
0.13499999999999998,8.74093,-1.4559476,9.11844e-06,-6.970465e-05,-4.603528e-05
0.13599999999999998,7.324761,-0.18636386,-1.9857183e-05,-1.6006057e-05,-4.6063567e-05
0.13699999999999998,2.9240777,-1.1334165,-1.823235e-05,-1.1938676e-05,-7.6692224e-05
0.13799999999999998,1.2263868,1.4614251,-1.9487368e-05,-1.1969307e-05,-1.5554535e-05
0.13899999999999998,1.0408784,0.12676294,-1.9097391e-05,-4.0816358e-05,-4.6091624e-05
0.13999999999999999,1.793503,0.7903101,-2.0236972e-05,-1.1987436e-05,-7.6515294e-05
0.141,-1.3939207,2.5013156,6.890008e-05,4.5742934e-05,-7.65566e-05
0.142,-3.4820075,-0.1268275,3.8803373e-05,-8.035548e-06,-4.5984158e-05
0.143,-0.8113335,-0.056624085,9.6500025e-06,-1.1977214e-05,-1.548167e-05
0.144,3.9225378,-1.1535372,3.852651e-05,1.6864777e-05,1.5090528e-05
0.145,6.0596724,-0.78352374,3.885376e-05,1.6872913e-05,0.00010662849
0.146,8.047337,-1.6753078,-1.984e-05,-1.1976999e-05,7.609984e-05
0.147,2.4327745,-1.1918744,-1.980356e-05,-1.1975988e-05,7.610657e-05
0.148,-0.54274625,1.268464,3.925791e-05,-4.083032e-05,1.5074005e-05
0.149,-3.7081697,1.3679924,5.679112e-06,1.688138e-05,4.5606757e-05
0.15,-3.314048,2.133003,-2.0166734e-05,-6.969799e-05,0.00010667948
0.151,-4.236764,2.1603065,-2.053955e-05,-4.085027e-05,0.00010671656
0.152,-3.600131,0.75384533,9.687862e-06,-1.197522e-05,7.615318e-05
0.153,1.4482594,-0.2958207,6.8341666e-05,1.687395e-05,4.56684e-05
0.154,5.5061297,-0.38544613,1.0051592e-05,1.6890692e-05,1.5109961e-05
0.155,7.400965,-0.19082052,3.487327e-05,-1.1983723e-05,-7.637973e-05
0.156,7.4205,-0.26046902,3.8902977e-05,1.6875421e-05,-4.585955e-05
0.157,1.6992997,1.6537176,-2.0551564e-05,1.6863634e-05,-4.5814086e-05
0.158,0.41322035,1.3797258,-2.0221703e-05,-1.1984929e-05,-1.5311518e-05
0.159,-1.6660721,1.4650887,3.8780785e-05,1.6872784e-05,-4.5822206e-05
0.16,0.06420383,1.0883534,1.0272188e-05,-6.967341e-05,-0.000106920226
0.161,-1.6381903,2.0492365,9.54545e-06,-4.083437e-05,-7.6339405e-05
0.162,-4.078757,-0.2687619,-4.9740713e-05,-1.1985306e-05,-4.578883e-05
0.163,-0.3063944,-1.3667895,-4.8760106e-05,-1.1961161e-05,-4.1734318e-05
0.16399999999999998,3.376821,-3.0802987,-4.955034e-05,-4.083713e-05,4.576876e-05
0.16499999999999998,5.9214325,-2.2179308,6.719103e-05,1.684718e-05,0.00010690211
0.16599999999999998,6.464018,-1.6385121,6.7934474e-05,1.6865513e-05,7.633871e-05
0.16699999999999998,0.9326683,-1.223565,3.9132192e-05,1.688234e-05,0.00010681526
0.16799999999999998,-1.5473309,-0.7904498,3.887533e-05,-1.1980597e-05,4.5808487e-05
0.16899999999999998,-3.001264,0.8230595,9.075434e-06,7.458202e-05,4.584132e-05
0.16999999999999998,-5.983422,1.0324714,3.871369e-05,4.5729168e-05,0.00010687458
0.17099999999999999,-5.75933,1.6902609,3.8864226e-05,1.6876249e-05,0.000106872845
0.172,-4.484951,-0.018789316,4.8689835e-06,-6.5711836e-05,7.639657e-05
0.173,2.3689675,0.23227249,-1.949946e-05,-1.1965456e-05,7.632915e-05
0.174,7.5894914,0.53141546,8.554515e-06,-4.0857107e-05,-1.5108161e-05
0.175,7.3413167,-0.60742164,-4.9615275e-05,-1.1980693e-05,-4.5675566e-05
0.176,7.712151,0.66935647,-1.9391167e-05,-4.0819174e-05,-4.5720997e-05
0.177,2.5948143,0.07321911,8.900103e-06,-1.1991559e-05,-7.614071e-05
0.178,-2.5564327,0.1686324,8.993247e-06,1.6867605e-05,1.5414718e-05
0.179,-3.2137904,0.4670687,6.869901e-05,-4.0827705e-05,-4.566582e-05
0.18,-2.278818,0.768021,6.868134e-05,-1.1971293e-05,-0.00010669018
0.181,-3.1723263,1.6159232,9.279715e-06,-1.1981784e-05,-7.613114e-05
0.182,-2.0945742,0.05982375,9.022902e-06,1.6868806e-05,-1.5067469e-05
0.183,-0.7620486,0.17710857,9.47072e-06,1.6879896e-05,-1.5091248e-05
0.184,3.0690594,0.15793417,9.211208e-06,-4.0839834e-05,1.5455124e-05
0.185,7.304133,-2.0764322,6.380965e-06,-3.6915262e-05,0.00010693202
0.186,5.599044,-2.7592115,-1.9965457e-05,-4.083206e-05,7.648627e-05
0.187,0.64199966,-0.04753326,-2.0338628e-05,-4.0841085e-05,0.00010704107
0.188,-2.2199943,-0.6226259,-1.9831414e-05,-6.968527e-05,4.5977635e-05
0.189,-2.8208885,-0.69512695,-1.9326128e-05,1.689745e-05,4.5949597e-05
0.19,-2.8490136,0.32518983,-2.0287096e-05,-4.0839466e-05,0.000107065534
0.191,-3.968383,1.628651,3.8189806e-05,-4.0851395e-05,0.00010711142
0.192,-2.5630286,0.52228606,3.8398754e-05,-1.1989429e-05,7.6587654e-05
0.193,3.9294243,-1.2379432,3.826392e-05,-1.1992614e-05,4.6089528e-05
0.19399999999999998,6.907899,-0.8046324,-1.9260084e-05,-1.1957103e-05,1.5474288e-05
0.19499999999999998,6.5496087,-0.38211098,9.439802e-06,1.688056e-05,-7.601102e-05
0.19599999999999998,6.7981133,-0.52055967,8.654156e-06,-6.9708796e-05,-4.542573e-05
0.19699999999999998,1.2586577,0.111663625,9.394571e-06,-4.08338e-05,-4.5471206e-05
0.19799999999999998,0.38320398,0.4012526,-2.0403788e-05,-4.0841376e-05,-1.4920889e-05
0.19899999999999998,-0.1319225,-0.106426656,3.8424772e-05,-6.9701426e-05,-4.5418677e-05
0.19999999999999998,-0.5322867,0.9318103,-2.0393736e-05,-4.0840892e-05,-7.593798e-05
0.20099999999999998,-1.6728469,0.83390474,8.428567e-06,-1.2000269e-05,-7.587946e-05
0.20199999999999999,-3.007323,1.502706,-5.167294e-05,-6.974137e-05,-4.526842e-05
0.20299999999999999,-0.64081645,0.5012411,9.791158e-06,-1.19666465e-05,-4.5444045e-05
0.204,3.3041,-1.1759077,3.79612e-05,-1.1998728e-05,7.673324e-05
0.205,6.106732,-2.148352,6.8125955e-05,-1.66245e-05,8.160201e-05
0.206,6.472784,-2.252751,8.961477e-06,-1.1986619e-05,7.671616e-05
0.207,0.52124804,0.40331993,9.585388e-06,-8.072322e-06,7.6679324e-05
0.208,-1.0456167,1.7815921,1.4311327e-05,1.294466e-05,4.6120622e-05
0.209,-3.4952657,1.8540139,-2.0060901e-05,-4.0831674e-05,7.246249e-05
0.21,-3.5070043,1.2261573,-2.0377494e-05,-6.969605e-05,0.0001072608
0.211,-3.1530862,0.23562884,9.43674e-06,-4.083111e-05,0.00010724576
0.212,-3.3656588,1.0267574,9.533636e-06,-6.968535e-05,7.6730306e-05
0.213,2.447884,-0.3239756,-2.009176e-05,-4.0831954e-05,1.5715095e-05
0.214,4.608991,-1.2727561,-5.036151e-05,-1.1994355e-05,-1.4734932e-05
0.215,7.005283,-1.438182,-1.9668203e-05,-4.082134e-05,-7.585036e-05
0.216,7.8602486,-2.6824536,9.842173e-05,-4.081748e-05,-4.9562557e-05
0.217,2.511603,1.104004,6.909576e-05,-1.1956755e-05,-7.585457e-05
0.218,-0.18543711,-0.25017875,9.108272e-06,-1.19816e-05,-1.4734385e-05
0.219,-2.1927779,-0.36280194,3.933184e-05,-1.1963369e-05,-4.5297376e-05
0.22,1.0320337,1.3809448,1.2945547e-05,1.6874224e-05,-7.574717e-05
0.221,-0.69359,2.0307672,9.154611e-06,-6.969357e-05,-7.5744734e-05
0.222,-3.1324127,2.990751,9.193429e-06,-4.0835766e-05,-4.5220586e-05
0.223,-0.58792716,1.0163081,-2.0196483e-05,-1.197661e-05,-4.5218156e-05
0.22399999999999998,3.6649327,-0.3267735,-2.0161162e-05,-4.083235e-05,4.63415e-05
0.22499999999999998,6.046671,0.3674867,-2.0180956e-05,-4.0832718e-05,7.686995e-05
0.22599999999999998,7.8610015,-1.0286545,-2.0436033e-05,-1.1982123e-05,7.689829e-05
0.22699999999999998,-2.030272,-0.50395566,-1.9519994e-05,-4.0816285e-05,7.6839795e-05
0.22799999999999998,-2.5644226,1.3017625,6.785154e-05,-1.1985936e-05,4.6411853e-05
0.22899999999999998,-3.8349018,2.4674578,3.7932572e-05,-1.1996468e-05,4.6453515e-05
0.22999999999999998,-5.121294,2.0265,3.8735558e-05,1.6880089e-05,7.692095e-05
0.23099999999999998,-3.287235,0.37026432,9.991722e-06,-1.1958415e-05,0.00010739317
0.23199999999999998,-3.9882166,1.8372086,3.916069e-05,-7.0992014e-06,4.639073e-05
0.23299999999999998,1.9131278,0.65350527,3.9255872e-05,1.6893191e-05,4.63931e-05
0.23399999999999999,5.7386613,-1.3414186,9.69056e-06,-4.0822164e-05,-1.4626713e-05
0.235,6.4713573,-0.56265086,-1.9875382e-05,-1.19673205e-05,-0.00010616393
0.236,4.9053745,0.197387,-2.0891055e-05,-1.1992087e-05,-7.5561686e-05
0.237,0.62539375,-0.32440105,8.684181e-06,-4.0846466e-05,-0.0001060765
0.238,-2.8615735,-0.07520578,-1.9823472e-05,1.689107e-05,-1.4586795e-05
0.239,-0.9668551,-1.000115,9.050527e-06,-6.457193e-05,-4.5049714e-05
0.24,0.07012724,1.2859522,4.398404e-05,-4.08175e-05,-0.000106134816
0.241,-2.3888657,0.46785903,4.001554e-05,-1.1944011e-05,-0.00010617576
0.242,-3.915806,0.8553659,3.8822673e-05,-1.1973119e-05,-4.5042772e-05
0.243,-0.5336819,0.110974304,1.0372528e-05,1.69091e-05,-1.45924305e-05
0.244,4.574002,-0.5029257,1.0640904e-05,-8.018086e-06,1.5914797e-05
0.245,7.560284,-1.6878264,8.743081e-06,1.6869413e-05,0.00010761776
0.246,7.846677,-1.7713705,-1.9529802e-05,-4.0814277e-05,7.701966e-05
0.247,0.41316485,-1.0015988,1.022521e-05,-4.0807525e-05,7.7009005e-05
0.248,-3.3445103,1.1078825,9.147879e-06,-4.0833802e-05,4.658077e-05
0.249,-2.6897364,2.4233675,-1.907183e-05,-1.1945974e-05,4.649643e-05
0.25,-3.710079,1.236904,-4.957167e-05,-1.1970737e-05,0.00010761641
0.251,-4.676999,1.3890073,-1.993439e-05,-1.196687e-05,0.0001076145
0.252,-3.0689695,0.6136008,-2.0833024e-05,-1.1988769e-05,4.665531e-05
0.253,3.9452188,-0.6149926,3.939978e-05,-1.1957676e-05,4.6570993e-05
0.254,6.999665,-0.119332455,3.5507124e-05,-1.1952279e-05,-1.0218755e-05
0.255,5.8844433,-0.30129406,3.9122464e-05,-8.1991975e-06,-0.00010597754
0.256,5.6002235,-2.5539649,3.9569164e-05,-1.19531705e-05,-4.4966135e-05
0.257,-0.40301374,0.9778784,1.0002664e-05,1.6901697e-05,-4.4950608e-05
0.258,-2.3534799,-0.52467394,9.453413e-06,-6.968187e-05,-1.4382852e-05
0.259,-0.5513846,0.7786636,3.9796145e-05,-6.966072e-05,-4.4954682e-05
0.26,0.5352916,-0.465708,-1.9311394e-05,-4.0807266e-05,-7.5452546e-05
0.261,-3.860115,1.413336,-1.9567653e-05,-1.19567e-05,-0.00010594162
0.262,-4.445943,1.1659963,-1.9297298e-05,-4.0806684e-05,-4.4917135e-05
0.263,-1.0294173,0.99382627,-2.0958121e-05,1.6866232e-05,-1.4266952e-05
0.264,2.74885,-1.5891112,-4.9528106e-05,-4.0824736e-05,1.6192376e-05
0.265,5.4175787,-1.728286,1.000387e-05,-4.0810814e-05,7.719512e-05
0.266,7.118429,-0.22298527,3.981916e-05,-4.0802584e-05,7.718001e-05
0.267,1.9258678,0.17803504,6.423115e-05,1.6898945e-05,7.722599e-05
0.26799999999999996,-2.5258555,0.34962237,3.9302293e-05,-1.1958287e-05,1.6202093e-05
0.26899999999999996,-3.4352784,1.2125363,-1.880515e-05,1.6919694e-05,4.6665216e-05
0.26999999999999996,-3.8685412,0.64916474,3.8031736e-05,7.0481365e-05,0.00010786796
0.27099999999999996,-4.6008577,1.9744068,-1.9729294e-05,-1.1959476e-05,0.00010778785
0.27199999999999996,-5.082411,0.99180555,6.130317e-06,-7.726953e-06,4.6711408e-05
0.27299999999999996,2.5621157,-0.25659445,-1.8076675e-05,-1.1918748e-05,4.664891e-05
0.27399999999999997,6.5652766,-0.65521,-1.8739787e-05,1.2590256e-05,-1.432774e-05
0.27499999999999997,7.9398217,-1.442433,-1.8882243e-05,-4.0794974e-05,-7.534295e-05
0.27599999999999997,7.327422,0.90144664,3.08184e-06,-1.20076675e-05,-7.512306e-05
0.27699999999999997,0.94417423,0.47714123,-1.9391178e-05,-1.195048e-05,-7.5286356e-05
0.27799999999999997,-0.5703242,0.30918565,6.364124e-05,-1.1965463e-05,-4.471362e-05
0.27899999999999997,-1.6955935,0.86222154,6.895534e-05,-4.0809577e-05,-4.474201e-05
0.27999999999999997,0.103457995,1.6537381,3.938585e-05,-4.0811545e-05,-7.5243865e-05
0.28099999999999997,-3.299135,2.7065094,1.0060294e-05,1.6905953e-05,-7.524621e-05
0.282,-4.195462,1.1893743,9.92316e-06,1.6902712e-05,-4.470901e-05
0.283,-0.18961257,-0.03292592,9.42902e-06,-1.1966041e-05,-1.4145339e-05
0.284,4.8248367,0.24058233,1.0113149e-05,-4.0805884e-05,7.736616e-05
0.285,6.2907023,-2.6367638,4.0453433e-05,-4.0784795e-05,7.7312114e-05
0.286,5.173128,-2.4530056,-1.9356494e-05,-1.1948565e-05,7.738393e-05
0.287,0.13455375,-0.85533106,-1.867532e-05,-4.0788484e-05,7.734285e-05
0.288,-2.6417756,-1.7985946,-2.0637217e-05,-6.969317e-05,1.6462656e-05
0.289,-3.8380153,-1.4260471,-2.3675339e-05,1.690108e-05,4.691729e-05
0.29,-3.2520409,-0.12384037,-1.9976416e-05,-6.967674e-05,0.00010798531
0.291,-4.242712,0.022814156,3.9499893e-05,-1.195072e-05,0.00010795709
0.292,-5.832419,0.9829256,9.81661e-06,1.6901286e-05,4.6946025e-05
0.293,2.4728966,1.5057946,3.9515024e-05,1.690665e-05,4.6939575e-05
0.294,6.23583,0.5864398,3.9258506e-05,1.6900483e-05,-4.4584827e-05
0.295,7.6374035,-0.55068517,1.0103149e-05,-6.966156e-05,-7.5117394e-05
0.296,6.5474644,-1.9278961,3.9621205e-05,-6.9660615e-05,-7.511047e-05
0.297,0.27261958,-0.2466583,4.018774e-05,-6.9646616e-05,-7.514305e-05
0.298,-0.581915,-0.47245857,9.860605e-06,-4.0810413e-05,-4.455352e-05
0.299,-1.3100266,-0.50324994,1.0542954e-05,-6.587998e-05,-4.459469e-05
0.3,0.8016133,1.1171981,9.403503e-06,-4.082138e-05,-0.000105535866
0.301,-1.5754606,1.7489653,-2.0274047e-05,1.6887496e-05,-7.499461e-05
0.302,-3.844209,2.8820763,-1.9242447e-05,4.5769615e-05,-4.454408e-05
0.303,-1.3881401,0.40460506,4.0524556e-05,-1.1924193e-05,-1.4076256e-05
0.304,3.4398773,-0.7627465,6.88131e-05,-1.1953372e-05,1.6539541e-05
0.305,5.629929,-1.2717416,6.897178e-05,-1.1949366e-05,7.75723e-05
0.306,6.609027,-0.27185434,9.391321e-06,1.6892523e-05,4.7109555e-05
0.307,0.81523174,1.9327245,3.9851948e-05,-6.965366e-05,7.756413e-05
0.308,-2.2234476,2.1856337,1.0459811e-05,-1.1937823e-05,1.6531629e-05
0.309,-3.6185884,1.1429555,-1.9632856e-05,1.6904152e-05,4.710372e-05
0.31,-5.0011187,1.2835283,-1.9185436e-05,-1.194153e-05,0.00010811522
0.311,-3.4818854,-0.03588987,1.0689325e-05,-4.078857e-05,0.00010809569
0.312,-4.3992643,0.7475262,1.06625e-05,-6.9645845e-05,4.7071862e-05
0.313,2.3575203,-0.12374426,-1.9427576e-05,-4.0803832e-05,1.6608661e-05
0.314,6.6028776,-1.0013806,-4.7763202e-05,-4.0775572e-05,-1.3984789e-05
0.315,6.618056,0.090628475,6.8979236e-05,-1.5799767e-05,-0.00010543947
0.316,7.125548,0.16702129,7.025177e-05,-1.1916702e-05,-7.50069e-05
0.317,2.5541887,-0.83024335,7.022571e-05,-1.5888452e-05,-0.00010551304
0.318,0.171444,-0.6662079,3.9606388e-05,-1.1944912e-05,-1.3866748e-05
0.319,-0.018273102,0.92097014,4.3934182e-05,1.691861e-05,-4.439502e-05
0.32,1.5033247,0.56558454,1.0136167e-05,1.6912432e-05,-7.4884134e-05
0.321,-1.042905,0.7947445,9.770548e-06,-6.966663e-05,-7.4847594e-05
0.322,-3.3748407,2.1900625,-1.9686486e-05,-4.080911e-05,-4.4322587e-05
0.323,-1.3744739,0.3534253,-2.5107616e-05,-1.1958641e-05,-1.37762645e-05
0.324,4.158884,-0.54072654,9.758339e-06,-1.1953114e-05,-1.3783205e-05
0.325,6.3877463,-0.032446913,-4.406059e-05,-4.0791652e-05,0.00010824204
0.326,6.847506,0.75118375,-4.9081827e-05,1.6907032e-05,7.777893e-05
0.327,-1.469509,-0.21554102,-4.845737e-05,-1.1934312e-05,7.774205e-05
0.32799999999999996,-2.8720236,-0.976162,9.859246e-05,-1.1943298e-05,1.6743936e-05
0.32899999999999996,-5.5707035,-0.44218338,1.5770001e-05,4.5812787e-05,4.7142352e-05
0.32999999999999996,-3.8644822,1.9796947,6.970971e-05,1.692844e-05,0.000108270986
0.33099999999999996,-4.438639,0.42476434,4.0316496e-05,7.464426e-05,0.00010827366
0.33199999999999996,-4.117492,-0.29813892,4.088332e-05,1.6944796e-05,4.720581e-05
0.33299999999999996,2.5214243,-1.268571,3.968376e-05,-4.0797964e-05,4.7304187e-05
0.33399999999999996,7.2091675,-1.9359535,1.0296671e-05,-4.0795465e-05,-1.37288425e-05
0.33499999999999996,7.3088856,-0.799458,-4.9219278e-05,-4.0808758e-05,-0.00010523153
0.33599999999999997,5.6299043,0.8342677,1.0899162e-05,-1.1923741e-05,-4.4272263e-05
0.33699999999999997,0.89997923,-0.23308071,-1.9191513e-05,1.6918284e-05,-7.473547e-05
0.33799999999999997,-1.2814455,0.80812556,-7.312983e-05,1.6943663e-05,-4.428489e-05
0.33899999999999997,-2.6529043,-0.1473553,3.937618e-05,-4.080479e-05,-4.4169286e-05
0.33999999999999997,-1.1461174,-0.30740628,6.9777554e-05,1.6931286e-05,-0.00010526296
0.34099999999999997,-2.054535,0.56344885,4.1095856e-05,1.695107e-05,-7.479555e-05
0.34199999999999997,-3.2354538,0.105120525,4.030922e-05,1.6931916e-05,-4.421019e-05
0.34299999999999997,0.8225254,-0.6835149,1.0802314e-05,4.5788205e-05,-4.4199085e-05
0.344,4.3044295,-0.07607556,1.1304226e-05,-1.1912868e-05,1.6808426e-05
0.345,6.593479,-1.8622766,-1.8311228e-05,-3.600312e-05,0.00010838038
0.346,5.676326,-0.813092,-1.4333519e-05,-4.078183e-05,7.7900135e-05
0.347,0.2647158,0.26802438,9.951863e-06,-1.1945647e-05,7.7972094e-05
0.348,-1.9759573,0.084045574,-1.9086532e-05,-6.526918e-05,1.6913356e-05
0.349,-3.1094162,1.0045044,-1.8988952e-05,-1.1932095e-05,4.74331e-05
0.35,-2.8334205,1.973846,1.04117e-05,-1.1934025e-05,0.000108483975
0.351,-3.2065675,0.9347321,-1.499166e-05,-1.6065766e-05,0.00010850359
0.352,-3.544337,0.22066009,6.9939383e-06,-8.044377e-06,7.3845695e-05
0.353,2.9200206,0.68916124,-1.8844477e-05,-1.1928081e-05,4.7460097e-05
0.354,6.9238467,-0.42211026,1.0854249e-05,1.6934055e-05,-4.4099226e-05
0.355,5.8759565,-1.483405,-1.4080634e-05,1.693648e-05,-7.461438e-05
0.356,7.070419,-0.8555383,1.0926115e-05,-1.1920711e-05,-7.46033e-05
0.357,2.7322376,2.0116904,1.10226e-05,-6.9631686e-05,-7.460103e-05
0.358,0.23381655,1.1185229,1.1234286e-05,-4.4879656e-05,-1.3572094e-05
0.359,-0.5733765,0.42668325,1.03911525e-05,-9.850366e-05,-4.9021543e-05
0.36,2.4104724,1.129619,-1.7948087e-05,-4.0762014e-05,-0.000105128325
0.361,-0.24663022,1.5623424,-1.8257406e-05,-1.1912749e-05,-7.457846e-05
0.362,-3.5305526,3.2344673,-1.8926066e-05,-4.078574e-05,-4.400185e-05
0.363,-1.2226218,1.2384435,-1.7596625e-05,-3.592876e-05,-1.3573403e-05
0.364,4.030492,0.70878357,-1.8441564e-05,-4.077363e-05,1.701638e-05
0.365,6.950614,-0.3337763,-4.3533983e-05,-1.1911609e-05,7.804524e-05
0.366,6.9953575,-0.37446037,4.1421194e-05,-8.05669e-06,7.800403e-05
0.367,0.66744775,2.3198051,4.122295e-05,1.6957265e-05,5.1960258e-05
0.368,-2.8273764,2.117969,4.1084048e-05,-7.212917e-06,1.7012786e-05
0.369,-2.061809,0.51952356,-1.9316532e-05,4.5775738e-05,4.7645954e-05
0.37,-3.8806992,0.45219865,4.0686577e-05,-6.962575e-05,0.00010861392
0.371,-3.6848383,1.1959139,-1.847933e-05,-4.0773728e-05,0.00010863798
0.372,-4.3227205,1.0206301,-1.80897e-05,-4.0764062e-05,4.7583264e-05
0.373,1.7061982,-0.5806562,-1.864305e-05,-4.07775e-05,4.7633726e-05
0.374,7.501886,-1.9942886,-4.814531e-05,-1.1921098e-05,1.7126935e-05
0.375,7.3355703,-2.7077832,-1.7802577e-05,-4.0756673e-05,-0.00013551529
0.376,7.4836144,-1.6290367,-4.836804e-05,-4.0783045e-05,-4.387299e-05
0.377,0.5617506,0.2733977,-4.545976e-05,1.700182e-05,-7.459682e-05
0.378,-0.38493493,0.7569254,4.080467e-05,-1.1908443e-05,-1.3389915e-05
0.379,0.1851869,-0.09888684,4.160157e-05,-1.18888e-05,-4.3957178e-05
0.38,1.3966869,-0.071697645,4.1523497e-05,4.5822893e-05,-0.000104977065
0.381,-0.28967458,0.21188554,3.5203753e-05,-6.9003495e-06,-0.0001048793
0.382,-2.8346243,0.87021595,3.7005557e-05,-6.961639e-05,-4.3885047e-05
0.383,-0.20671238,-1.0418315,-1.7510281e-05,-6.9605296e-05,-1.3391242e-05
0.384,3.8743792,-0.7313413,1.217437e-05,-4.0743536e-05,4.763858e-05
0.385,5.136985,-0.21328795,-1.7731889e-05,-4.5156274e-05,7.819685e-05
0.386,4.7460647,0.39312956,7.1442996e-06,-6.9622234e-05,7.824218e-05
0.38699999999999996,-1.9778458,1.6834297,-1.6255004e-05,1.6996155e-05,7.810619e-05
0.38799999999999996,-2.6791062,2.8826957,-1.7970338e-05,-4.075924e-05,1.7207714e-05
0.38899999999999996,-2.521918,1.9862204,-1.7468312e-05,1.6966665e-05,4.7697464e-05
0.38999999999999996,-3.2989914,0.43881613,-1.7312866e-05,-4.0742896e-05,0.000108730615
0.39099999999999996,-3.3234181,0.07809589,4.0866416e-05,-6.961885e-05,0.00010879857
0.39199999999999996,-2.5554874,-0.021061152,1.0599406e-05,-6.525386e-05,7.834834e-05
0.39299999999999996,3.5262034,0.36300263,1.2620052e-05,-6.9588285e-05,7.820793e-05
0.39399999999999996,5.6045346,-0.26182064,1.1083311e-05,-4.0769082e-05,-4.3739085e-05
0.39499999999999996,5.6272845,-0.018276427,1.2763538e-05,-6.958453e-05,-7.437185e-05
0.39599999999999996,7.173916,-1.4426236,-1.7037906e-05,-4.073545e-05,-4.3821303e-05
0.39699999999999996,2.0243385,0.09697478,-2.2384622e-05,-4.0738698e-05,-7.431928e-05
0.39799999999999996,-2.3651586,1.7091609,-1.7490993e-05,-4.0746312e-05,-4.376885e-05
0.39899999999999997,-1.3681374,1.1027745,1.1148912e-05,-6.962362e-05,-7.421441e-05
0.39999999999999997,0.96080905,1.3639848,-1.6959466e-05,-4.073305e-05,-0.00010482451
0.40099999999999997,-2.7989397,1.250121,-1.6499405e-05,-1.1864937e-05,-7.433169e-05
0.40199999999999997,-3.213276,0.82855743,-1.8102208e-05,-3.253047e-05,-4.3685814e-05
0.40299999999999997,-0.9673736,0.55028784,7.131975e-05,-4.073695e-05,-4.3748245e-05
0.40399999999999997,4.139693,0.92259556,4.5666424e-05,-9.846236e-05,4.7850528e-05
0.40499999999999997,6.120949,1.1010575,4.1208248e-05,-6.960882e-05,7.838752e-05
0.40599999999999997,6.183988,0.35404208,1.2110958e-05,-4.074248e-05,7.836825e-05
0.407,0.17030104,2.174739,1.1332272e-05,-4.0761443e-05,7.843542e-05
0.408,-0.02053117,0.62350017,4.0903975e-05,-6.961592e-05,1.7403267e-05
0.409,-3.9466717,0.7739295,-1.7671526e-05,-4.0749434e-05,4.7901096e-05
0.41,-3.5766156,0.14538097,-1.7637985e-05,-4.074849e-05,0.00010894329
0.411,-3.6020963,1.1344059,-4.266713e-05,-1.18879525e-05,0.00010894153
0.412,-3.0778239,0.4288819,1.2444555e-05,-1.1876872e-05,4.788253e-05
0.413,2.8169258,0.2593861,-1.7000288e-05,4.5837704e-05,1.7371485e-05
0.414,5.236168,-0.4367084,-4.3161606e-05,1.696332e-05,-1.3082991e-05
0.415,5.4513254,-0.41474563,7.15268e-05,-4.0730458e-05,-7.416806e-05
0.416,4.9590654,-2.1581035,7.150553e-05,-9.844433e-05,-4.3639455e-05
0.417,-0.013777837,-0.14699541,4.2173797e-05,-6.958374e-05,-7.415894e-05
0.418,-0.6440452,0.15935323,1.2490157e-05,-4.073177e-05,-1.309953e-05
0.419,-2.2370918,0.5107853,4.271518e-05,-6.957024e-05,-4.3662632e-05
0.42,0.4649472,-0.0054394994,-1.7331275e-05,-4.0739793e-05,-0.00010460837
0.421,-1.2753308,0.01794187,-1.6592092e-05,-1.1864838e-05,-0.00010465376
0.422,-2.3739455,1.2475944,3.888505e-05,-6.9571455e-05,-1.311199e-05
0.423,-1.8769556,-0.41567603,-1.6160104e-05,-4.0710744e-05,-1.3114236e-05
0.424,3.0124276,-1.1661047,1.2888472e-05,-4.07213e-05,-1.3072498e-05
0.425,6.980538,0.86984247,-1.6499904e-05,-1.1862106e-05,0.00010900032
0.426,6.4612994,1.0574698,-4.535673e-05,1.701015e-05,4.7927966e-05
0.427,-0.006675112,2.7263312,-4.7382273e-05,1.6960641e-05,5.2626347e-05
0.428,-2.5492916,-0.054420814,4.210333e-05,-9.84409e-05,1.7502893e-05
0.429,-3.775626,0.43228358,-1.7236089e-05,-6.959313e-05,4.8057373e-05
0.43,-6.4520946,0.8913042,4.1946718e-05,-6.958776e-05,0.00010908616
0.431,-5.5842586,1.3766538,4.2626958e-05,-6.9570975e-05,0.00010904515
0.432,-5.6678867,0.9648793,-1.7182512e-05,-4.0734725e-05,4.808168e-05
0.433,2.46959,0.26394495,4.31707e-05,-6.955742e-05,4.7988437e-05
0.434,4.558065,0.67258424,1.2548393e-05,-6.9585185e-05,-1.2952999e-05
0.435,7.706544,-1.1086638,-1.695733e-05,-4.0728853e-05,-0.000104494684
0.436,5.5394735,-2.0611799,-1.6274736e-05,-1.1855285e-05,-4.3500768e-05
0.437,1.810611,-0.24801804,-1.6418096e-05,-6.957214e-05,-4.348071e-05
0.438,-1.7664996,1.134101,-4.5803878e-05,1.7000617e-05,-1.2960987e-05
0.439,-0.7825131,0.8213063,-1.6168211e-05,-4.0709045e-05,-4.7857386e-05
0.44,-0.5493552,-0.31895265,-1.7539489e-05,-9.8455996e-05,-0.00010440437
0.441,-3.3092978,-0.3113998,1.2399457e-05,-6.9588e-05,-7.391116e-05
0.442,-4.0387216,0.6426556,1.3135952e-05,-7.430696e-05,-4.3438744e-05
0.443,-0.64572996,-1.1855958,1.3289449e-05,-4.0709223e-05,1.7594602e-05
0.444,3.8017812,1.0381005,1.2739402e-05,-4.072258e-05,4.302992e-05
0.445,5.976922,1.1272285,1.2950169e-05,-6.957403e-05,0.00013970902
0.446,6.172124,1.0297894,-2.0294176e-05,-4.070616e-05,7.8649784e-05
0.44699999999999995,-0.31518257,1.2880424,-1.4993412e-05,-4.0679315e-05,7.857833e-05
0.44799999999999995,-2.3269422,1.2509049,-1.7531836e-05,-1.1884664e-05,1.7740887e-05
0.44899999999999995,-2.7822516,1.1968633,-4.645791e-05,1.6985896e-05,7.874402e-05
0.44999999999999996,-2.9498608,-0.39726117,-1.6290955e-05,-1.1854024e-05,0.00010922053
0.45099999999999996,484.3045,-0.13787669,0.0006918922,0.00039215424,0.00010918841
0.45199999999999996,872.6754,1.3150518,0.0020170226,0.0013155293,4.828587e-05
0.45299999999999996,1212.8163,-0.5861846,0.003845618,0.0024986698,1.7735496e-05
0.45399999999999996,1518.9878,0.2668337,0.0057624234,0.003970372,-0.00010434967
0.45499999999999996,1799.6871,0.5068238,0.007826477,0.005644067,-0.00013486929
0.45599999999999996,2062.9585,0.89330703,0.010038479,0.0074332017,-0.00010439273
0.45699999999999996,2312.952,0.08702419,0.012248899,0.009308868,-0.000104316416
0.45799999999999996,2553.5127,2.3605485,0.014514881,0.01118455,-7.377062e-05
0.45899999999999996,2788.76,2.8225222,0.01678961,0.0130313905,-0.00013482483
0.45999999999999996,3016.699,3.457881,0.019090828,0.014993685,-0.00013492242
0.46099999999999997,3235.95,0.8196297,0.021330325,0.016927054,-0.00013481594
0.46199999999999997,3456.044,1.4132255,0.023541506,0.018860454,-0.00010427851
0.46299999999999997,3672.2766,-0.6077554,0.0257531,0.020793863,-0.0001042891
0.46399999999999997,3886.2495,-0.35616046,0.027964693,0.022669556,-1.2747283e-05
0.46499999999999997,4091.37,0.5303267,0.030086307,0.024545217,1.7872904e-05
0.46599999999999997,4292.353,0.85529,0.032321915,0.026392031,1.793188e-05
0.46699999999999997,4482.318,2.1334167,0.03439203,0.028238904,1.7816259e-05
0.46799999999999997,4673.668,3.0694466,0.036455613,0.030056871,-4.318588e-05
0.469,4866.7856,2.5047717,0.038460348,0.031845983,-1.2644422e-05
0.47,5052.5776,2.1684356,0.040465485,0.033606254,4.838494e-05
0.471,5234.636,2.4022233,0.04244115,0.035337664,4.8378573e-05
0.472,5416.8037,1.9377272,0.044357896,0.037126787,-1.2667442e-05
0.473,5599.64,0.59913945,0.046241358,0.038771644,-4.3247986e-05
0.474,5777.192,0.93332547,0.04810277,0.04047013,-7.371101e-05
0.475,5948.373,-0.17965278,0.04993095,0.04209016,-0.00019578332
0.476,6113.8657,1.0198668,0.051729113,0.04367727,-0.00013471098
0.477,6273.3687,1.6920644,0.053469017,0.04517783,-0.00013472607
0.478,6433.343,1.645593,0.055207446,0.046736065,-7.3596944e-05
0.479,6590.6064,-0.13187844,0.05694794,0.048207782,-0.00013469065
0.48,6746.492,-0.72032666,0.058573596,0.04970832,-0.00016515389
0.481,6897.3257,-0.7408545,0.060191337,0.051266603,-0.000165199
0.482,7047.94,1.2555826,0.0618425,0.052651722,-0.00013467495
0.483,7198.215,0.8018574,0.063345596,0.054065686,-0.0001041032
0.484,7345.7104,0.69077355,0.06488039,0.05545475,-4.3178385e-05
0.485,7489.3076,1.2389051,0.06632352,0.056807082,1.7985407e-05
0.486,7625.5854,0.84051985,0.06779812,0.058134504,1.7966015e-05
0.487,7755.655,2.5631948,0.069214165,0.059433077,1.7916094e-05
0.488,7884.647,1.4875149,0.07062851,0.06067389,-4.3042844e-05
0.489,8013.3765,1.6031691,0.071956106,0.061972465,-1.2575056e-05
0.49,8138.7593,1.2164687,0.07337104,0.06312673,4.8492882e-05
0.491,8262.77,1.2435482,0.07469851,0.06430987,4.8451886e-05
0.492,8388.697,3.086712,0.07596596,0.06546413,-1.2546174e-05
0.493,8512.365,1.4052434,0.07723364,0.06656468,-1.2526251e-05
0.494,8630.894,-0.021096295,0.07841229,0.06771494,-0.00013453339
0.495,8745.69,1.3242834,0.07959322,0.068811536,-0.00016515756
0.496,8855.846,0.105425276,0.0807435,0.069850385,-0.00013465933
0.497,8958.504,0.59161025,0.081863,0.070889205,-0.00016510073
0.498,9062.574,0.44288266,0.08295342,0.07192804,-7.350198e-05
0.499,9165.603,0.9508312,0.08409944,0.072851464,-0.00013456072
0.5,9265.893,0.6303747,0.085017405,0.07386542,-0.00013452386
0.501,9355.602,-4.453892,0.08619692,0.07521771,-0.00019556092
0.502,9438.175,-7.669507,0.08746526,0.07694913,-0.00016507138
0.503,9521.097,-7.751851,0.08882139,0.07873379,-0.00016505134
0.504,9601.669,-8.175375,0.09023674,0.0807005,-0.00013453186
0.505,9678.401,-5.6032414,0.09167717,0.08286475,-1.2415401e-05
0.506,9748.087,-5.28937,0.09300833,0.084942445,-7.348311e-05
0.507,9809.918,-3.7751834,0.094447896,0.08704898,-4.2928208e-05
0.508,9875.173,-3.7835293,0.09586837,0.08906464,-0.00013450437
0.509,9939.61,-4.7156525,0.097194806,0.09108893,-0.00013446758
0.51,10003.584,-6.095943,0.09857972,0.09316659,-4.284277e-05
0.511,10066.899,-4.384329,0.09990731,0.09510001,-4.289279e-05
0.512,10127.699,-3.852266,0.10117517,0.09703341,-9.9106495e-05
0.513,10190.756,-5.9103847,0.102443144,0.09890911,-0.00016495875
0.514,10252.264,-6.013218,0.10368164,0.10072708,-0.00016496048
0.515,10308.96,-5.2887053,0.104920015,0.10240077,-0.0002815769
0.516,10358.931,-5.789643,0.10615846,0.104132175,-0.0002565041
0.517,10407.757,-6.419064,0.10724875,0.10585915,-0.00026112158
0.518,10455.608,-7.7353163,0.10831093,0.10745071,-0.00019545917
0.519,10503.741,-5.8255725,0.10943167,0.10903784,-0.00025650987
0.52,10550.491,-6.044309,0.11040492,0.11056726,-0.00028703845
0.521,10596.477,-6.774414,0.1113477,0.11206778,-0.00028697526
0.522,10640.81,-4.837328,0.11229299,0.11342409,-0.00022606313
0.523,10686.452,-5.6232276,0.11317743,0.114809215,-0.00019138778
0.524,10728.176,-5.9116335,0.11414958,0.11605004,-0.00013997375
0.525,10771.291,-4.7103133,0.11494415,0.11734856,-7.3268326e-05
0.526,10807.572,-4.163435,0.11574103,0.118527174,-7.3318326e-05
0.527,10839.111,-3.0505676,0.116536856,0.11962824,-7.767784e-05
0.528,10872.231,-3.8627002,0.117363095,0.12069596,-0.00010384857
0.529,10904.446,-3.1320584,0.11801249,0.12179254,-7.337671e-05
0.53,10934.993,-1.1556606,0.11871927,0.12280251,-4.2787087e-05
0.531,10963.379,-1.0557745,0.11936738,0.123725906,-4.273719e-05
0.532,10995.833,-0.21039551,0.119986586,0.12464932,-7.324771e-05
0.533,11028.085,-0.83861417,0.12057706,0.1255439,-7.329742e-05
0.534,11057.653,-0.35044563,0.12110794,0.12638076,-0.00019010395
0.535,11083.942,0.61390764,0.121402,0.12724644,-0.00019530233
0.5359999999999999,11107.827,-0.12819578,0.12211024,0.1276793,0.00029294268
0.5369999999999999,11129.004,0.7093408,0.12234149,0.12785242,0.00020144862
0.5379999999999999,11150.8,0.56829935,0.12249291,0.12765042,0.0002624907
0.5389999999999999,11174.651,0.4140913,0.122586,0.12710215,0.00020148825
0.5399999999999999,11197.083,-1.6005533,0.122522585,0.12655388,0.00014042517
0.5409999999999999,11219.34,-1.6986322,0.122522384,0.12586132,0.00014044913
0.5419999999999999,11242.282,-0.4977175,0.12237594,0.12505335,0.00017090392
0.5429999999999999,11266.988,-1.2909534,0.12205125,0.124360785,0.00023197611
0.5439999999999999,11291.699,-0.5994748,0.12172659,0.123495065,0.00035407973
0.5449999999999999,11317.025,0.12437742,0.12140231,0.122542806,0.00044563864
0.5459999999999999,11340.4795,-0.44679525,0.12098969,0.12153282,0.00041511902
0.5469999999999999,11354.253,1.429872,0.12066521,0.120320834,0.00047055984
0.5479999999999999,11373.493,0.2896399,0.12019309,0.11922426,0.00041517644
0.5489999999999999,11394.539,-185.90256,0.119634494,0.11818547,0.00047610118
0.5499999999999999,11413.225,-409.94818,0.11922094,0.1169446,0.0005372036
0.5509999999999999,10319.79,-620.2199,0.11727508,0.11382808,0.00059824117
0.5519999999999999,9450.441,-771.3789,0.1135019,0.108403035,0.0005676736
0.5529999999999999,8677.442,-891.682,0.10875355,0.10188618,0.0005677849
0.5539999999999999,7984.847,-997.4806,0.10338809,0.09478707,0.00047619024
0.5549999999999999,7333.0713,-1095.4988,0.09757971,0.0875973,0.00044567976
0.5559999999999999,6885.021,-1185.9077,0.091477156,0.07992143,0.00050667406
0.5569999999999999,6379.7573,-1266.8927,0.08525542,0.072566494,0.00047620654
0.5579999999999999,5830.1606,-1356.2628,0.079182565,0.065810494,0.0005371838
0.5589999999999999,5323.384,-1455.1365,0.0732551,0.05928884,0.00047624158
0.5599999999999999,4860.2256,-1559.9991,0.06744731,0.053200085,0.000476205
0.5609999999999999,4419.72,-1669.0497,0.061757177,0.047486454,0.00047618974
0.5619999999999999,4001.187,-1780.8344,0.056273315,0.041945964,0.0005067012
0.563,3587.7305,-1894.5964,0.050906386,0.036554277,0.0005372867
0.564,3186.766,-2011.6886,0.045689523,0.03149985,0.0005981937
0.565,2803.1912,-2129.5837,0.040734384,0.02662852,0.0006593702
0.566,2500.5457,-2242.7598,0.036165003,0.022153893,0.00059829385
0.567,2196.776,-2356.883,0.031889938,0.01799487,0.0006288094
0.568,1894.1296,-2470.6423,0.02790948,0.0140126385,0.00056778936
0.569,1591.8318,-2582.5518,0.024075735,0.010290099,0.0006594098
0.57,1281.5656,-2692.3574,0.020361861,0.006740749,0.00066501263
0.571,972.19696,-2798.526,0.016852742,0.0032237265,0.0006288624
0.572,667.0792,-2901.6672,0.013345258,-0.00012713992,0.0006031727
0.573,372.71777,-3001.7708,0.009924997,-0.003359097,0.00053724955
0.574,79.494835,-3100.2068,0.0066217426,-0.0065910765,0.00050681666
0.575,-197.93835,-3195.504,0.0034123638,-0.0097075915,0.00044574865
0.576,-470.87482,-3285.759,0.0003413146,-0.01273757,0.00048148702
0.577,-747.91705,-3374.427,-0.002808154,-0.015734151,0.00044577444
0.578,-1024.2275,-3457.2695,-0.005731613,-0.01865318,0.00053733034
0.579,-1295.3899,-3535.603,-0.008679771,-0.021452278,0.00044576678
0.58,-1559.888,-3611.8833,-0.011657587,-0.024164809,0.00041525165
0.581,-1823.5417,-3682.5054,-0.014546129,-0.02696389,0.00044571044
0.582,-2087.5474,-3747.37,-0.017376816,-0.029907282,0.00044573445
0.583,-2341.833,-3817.2173,-0.020382542,-0.032735202,0.00035406716
0.584,-2583.4363,-3884.5925,-0.023068152,-0.035736367,0.00041530022
0.585,-2821.4062,-3949.272,-0.02601537,-0.038593154,0.00050677254
0.586,-3046.8816,-4007.969,-0.028168097,-0.041045986,0.0004762923
0.587,-3279.805,-4064.865,-0.02999685,-0.043239117,0.00047187853
0.588,-3500.1992,-4118.758,-0.031587206,-0.045345616,0.00041519676
0.589,-3711.8088,-4171.186,-0.033151068,-0.04725019,0.0005068474
0.59,-3924.0193,-4217.5947,-0.03474371,-0.04889503,0.0005068933
0.591,-4124.9077,-4262.045,-0.03613169,-0.050713062,0.00050706737
0.592,-4323.133,-4301.626,-0.03745508,-0.0525021,0.000445789
0.593,-4512.7754,-4339.5044,-0.039047543,-0.054031514,0.00038873375
0.594,-4705.239,-4373.323,-0.04043663,-0.055701617,0.00032373605
0.595,-4889.532,-4402.8535,-0.041818347,-0.057263456,0.00026268148
0.596,-5069.9478,-4430.2676,-0.043144815,-0.05887942,0.000323702
0.597,-5249.982,-4451.276,-0.044590503,-0.06040885,0.0002672019
0.598,-5422.957,-4469.54,-0.046035722,-0.061822847,0.00032382814
0.599,-5592.4697,-4487.3784,-0.047125723,-0.06343537,0.00026273454
0.6,-5761.7275,-4503.353,-0.048511453,-0.064766206,0.00023222348
0.601,-5927.918,-4515.9233,-0.049867455,-0.066180184,0.00023221258
0.602,-6090.422,-4524.8794,-0.051106878,-0.06762305,0.00026687013
0.603,-6253.2627,-4530.979,-0.05243287,-0.06892158,0.00029328765
0.604,-6423.6074,-4534.107,-0.05358283,-0.07027785,0.00038485555
0.605,-6588.2866,-4537.2197,-0.054850914,-0.07157641,0.0003848842
0.606,-6753.376,-4536.815,-0.05605915,-0.07281723,0.00038484737
0.607,-6917.6772,-4530.132,-0.057296515,-0.07405805,0.00038478474
0.608,-7096.1826,-4527.834,-0.058418293,-0.07529892,0.00035437822
0.609,-7335.7637,-4517.9243,-0.05959745,-0.07584253,-0.0009884029
0.61,-7421.1597,-4493.4683,-0.060835987,-0.07685719,-0.00050009676
0.611,-7386.7217,-4457.3433,-0.06180987,-0.07861747,-0.00019484462
0.612,-7295.759,-4411.116,-0.063254915,-0.08022967,-4.2223557e-05
0.613,-7207.0425,-4361.5493,-0.0646108,-0.081935994,1.879229e-05
0.614,-6665.2925,-4302.406,-0.06590773,-0.08404253,4.9290906e-05
0.615,-6695.4644,-4252.0034,-0.06726502,-0.085769795,7.9893034e-05
0.616,-6827.179,-4209.8154,-0.06844389,-0.087332204,0.00020193537
0.617,-6984.8843,-4170.903,-0.06976988,-0.08868333,0.00017678693
0.618,-7141.0576,-4139.132,-0.07094986,-0.09003998,0.0002629754
0.619,-7291.803,-4108.2295,-0.07207023,-0.091401,0.00020194708
0.62,-7438.084,-4075.8083,-0.073249325,-0.09255526,0.00017141849
0.621,-7589.3516,-4046.0159,-0.07439941,-0.09368068,0.00017144246
0.622,-7734.155,-4017.8757,-0.075460814,-0.09483496,0.00020196693
0.623,-7867.0273,-3990.3032,-0.07649203,-0.09596036,0.00020192175
0.624,-7997.6123,-3961.5518,-0.07746925,-0.09699919,0.00029347654
0.625,-8121.7466,-3932.6338,-0.07849758,-0.09803805,0.00038509272
0.626,-8257.74,-3905.1401,-0.0794697,-0.0991923,0.0003545209
0.627,-8390.412,-3877.9944,-0.08041469,-0.1001446,0.00035464065
0.628,-8512.54,-3849.0864,-0.081208915,-0.101125695,0.00029347753
0.629,-8631.977,-3823.4636,-0.08224522,-0.10196254,0.00032401498
0.63,-8751.199,-3796.8179,-0.08303827,-0.1029437,0.00035463052
0.631,-8871.002,-3765.0024,-0.08395149,-0.10383464,0.00035458058
0.632,-8982.137,-3738.2344,-0.084778465,-0.10470398,0.00032417767
0.633,-9081.205,-3712.0623,-0.0856312,-0.10556527,0.00026298052
0.634,-9190.486,-3686.5889,-0.086398624,-0.10634877,0.00017149934
0.635,-9297.86,-3658.9365,-0.08713599,-0.10724333,0.000110492736
0.636,-9404.791,-3627.6814,-0.0879604,-0.108022444,0.00014093428
0.637,-9509.28,-3597.2246,-0.08872837,-0.108772755,0.00014104557
0.638,-9607.767,-3567.066,-0.089583084,-0.10954765,0.0001715483
0.639,-9710.73,-3543.2866,-0.09037894,-0.11027329,0.00014102421
0.64,-9804.195,-3516.196,-0.09099761,-0.11102355,7.996071e-05
0.641,-9894.399,-3488.4553,-0.091705725,-0.11171612,8.000668e-05
0.642,-9980.806,-3460.0798,-0.092412844,-0.11237982,0.00011049639
0.643,-10067.286,-3458.6538,-0.09285583,-0.11330325,4.9524337e-05
0.644,-10154.856,-3463.071,-0.09344489,-0.113966934,0.00014104023
0.645,-10230.249,-3469.912,-0.09412364,-0.114601806,0.00017161256
0.646,-10309.694,-3475.0364,-0.09477172,-0.11517893,0.00011054438
0.647,-10397.132,-3481.1157,-0.09536085,-0.1157849,0.00014103019
0.648,-10477.75,-3489.1228,-0.095920786,-0.116304316,4.9466405e-05
0.649,-10553.725,-3504.0393,-0.0965119,-0.11682378,8.009946e-05
0.65,-10623.365,-3522.708,-0.09710137,-0.11731433,0.00014112848
0.651,-10690.881,-3542.2146,-0.09763146,-0.1178626,0.00011057387
0.652,-10761.267,-3565.2751,-0.09818712,-0.11832848,8.004563e-05
0.653,-10818.362,-3583.6616,-0.098603785,-0.11878599,8.002642e-05
0.654,-10877.747,-3600.126,-0.09916424,-0.11919,-1.1498118e-05
0.6549999999999999,-10933.97,-3622.4421,-0.09963667,-0.11959401,-0.000102991864
0.6559999999999999,-10994.117,-3641.6406,-0.100132406,-0.120026834,-4.201924e-05
0.6569999999999999,-11059.218,-3661.3108,-0.10063503,-0.120402,-9.868855e-05
0.6579999999999999,-11113.991,-3685.7363,-0.10107758,-0.12077713,-4.1932308e-05
0.6589999999999999,-11166.781,-3711.479,-0.10149061,-0.121181116,-0.000102951904
0.6599999999999999,-11216.761,-3737.0527,-0.10190648,-0.121469684,-0.000102979786
0.6609999999999999,-11265.102,-3761.9812,-0.10240363,-0.121844836,-0.00013346528
0.6619999999999999,-11311.785,-3786.4248,-0.10276104,-0.122133374,-0.000102996935
0.6629999999999999,-11346.387,-3815.3955,-0.10317295,-0.12247963,-0.00010305144
0.6639999999999999,-11383.051,-3843.448,-0.10352767,-0.122883655,1.9095398e-05
0.6649999999999999,-11419.047,-3872.922,-0.10385162,-0.1231145,8.011131e-05
0.6659999999999999,-11455.746,-3903.173,-0.10426076,-0.123374216,1.9130732e-05
0.6669999999999999,-11493.446,-3934.2974,-0.10458916,-0.123662785,4.964603e-05
0.6679999999999999,-11528.76,-3967.152,-0.1048845,-0.12392251,-4.186074e-05
0.6689999999999999,-11557.998,-3999.0193,-0.10523769,-0.1241245,4.463805e-05
0.6699999999999999,-11590.023,-4030.3496,-0.105591595,-0.124355346,8.0188474e-05
0.6709999999999999,-11612.115,-4063.891,-0.10588627,-0.124586195,8.018633e-05
0.6719999999999999,-11634.692,-4099.8843,-0.10618143,-0.12481706,1.9183939e-05
0.6729999999999999,-11645.175,-4137.205,-0.10641667,-0.12504789,1.9147063e-05
0.6739999999999999,-11665.892,-4172.272,-0.106711544,-0.12516332,-4.6752324e-05
0.6749999999999999,-11685.027,-4211.0884,-0.10700677,-0.12539418,-0.00013339253
0.6759999999999999,-11697.084,-4246.6646,-0.107213125,-0.1256539,-0.00010286829
0.6769999999999999,-11722.31,-4282.5156,-0.1073898,-0.12582703,-0.00016390998
0.6779999999999999,-11742.436,-4316.595,-0.10765507,-0.12591359,-7.235487e-05
0.6789999999999999,-11759.03,-4250.4727,-0.10783216,-0.1261156,-0.00013336613
0.6799999999999999,-11772.714,-4160.3096,-0.10806749,-0.12620652,-0.00019443381
0.6809999999999999,-11781.922,-4068.1926,-0.108244754,-0.12631759,-0.00019439652
0.6819999999999999,-11790.705,-3976.8428,-0.1084204,-0.1264092,-0.00016396362
0.6829999999999999,-11793.02,-3890.591,-0.10862794,-0.12646188,-0.00013833022
0.6839999999999999,-11790.323,-3805.3284,-0.108770065,-0.12654842,-7.237083e-05
0.6849999999999999,-11792.083,-3725.3142,-0.10889292,-0.12657729,-1.1289743e-05
0.6859999999999999,-11797.716,-3647.439,-0.10904008,-0.12657729,-7.233591e-05
0.6869999999999999,-11801.576,-3570.9443,-0.10912925,-0.12654844,-4.1755004e-05
0.688,-11798.412,-3498.029,-0.1092172,-0.12660615,-0.00010281796
0.689,-11796.703,-3426.7993,-0.109393716,-0.12654842,-4.1802286e-05
0.69,-11792.497,-3357.4055,-0.1094234,-0.12654842,-1.1260715e-05
0.691,-11787.852,-3289.9993,-0.10942306,-0.12654841,-1.1275908e-05
0.692,-11778.301,-3222.8452,-0.10951225,-0.12643301,-7.22478e-05
0.693,-11761.475,-3160.4434,-0.10960084,-0.1263753,-7.222801e-05
0.694,-11746.816,-3097.1707,-0.109659,-0.12625986,-0.00016383079
0.695,-11733.264,-3038.0596,-0.10965967,-0.12620215,-0.00022480685
0.696,-11720.604,-2979.2063,-0.109718315,-0.12611559,-0.00022482188
0.697,-11712.521,-2920.6128,-0.109718636,-0.12602901,-0.00022478867
0.698,-11696.382,-2864.6248,-0.10974784,-0.12588902,-0.00016376436
0.699,-11681.703,-2809.8147,-0.109748155,-0.12579817,-0.0002247672
0.7,-11665.488,-2757.1326,-0.109718524,-0.12571159,-0.00025528672
0.701,-11646.359,-2704.336,-0.10974737,-0.12553842,-0.00025532363
0.702,-11627.658,-2654.7585,-0.10971751,-0.12530756,-0.000224825
0.703,-11605.684,-2608.423,-0.10960019,-0.12510559,-0.000194253
0.704,-11581.716,-2562.8433,-0.109512046,-0.12484588,-0.00016370267
0.705,-11555.042,-2517.1843,-0.10942244,-0.12452842,-4.1708296e-05
0.706,-11532.563,-2477.1074,-0.10936379,-0.12423988,-0.00016374573
0.707,-11513.509,-2442.0466,-0.10921638,-0.12386474,-0.00016373466
0.708,-11490.834,-2409.852,-0.10906934,-0.12340303,-0.00022473256
0.709,-11464.691,-2379.8943,-0.10894641,-0.12285476,-0.00016365174
0.71,-11436.213,-2353.1975,-0.10874488,-0.122364186,-0.0001331708
0.711,-11405.427,-2324.5564,-0.108509146,-0.121844776,-0.00013315091
0.712,-11371.016,-2297.189,-0.10830225,-0.12129648,-0.00016369662
0.713,-11339.432,-2275.2434,-0.108095646,-0.12077705,-0.00019422083
0.714,-11305.288,-2248.746,-0.10788916,-0.12022877,-0.00025525366
0.715,-11268.891,-2226.0083,-0.10759481,-0.11968051,-0.00037727816
0.716,-11235.3955,-2203.1406,-0.10727038,-0.11907451,-0.00031624045
0.717,-11202.644,-2177.93,-0.10694124,-0.11849737,-0.00031625555
0.718,-11167.159,-2153.4495,-0.10659282,-0.11783369,-0.00025514397
0.719,-11129.335,-2132.4224,-0.1061783,-0.117231265,-0.0003162989
0.72,-11091.244,-2109.4434,-0.10579533,-0.116563946,-0.00034678308
0.721,-11052.714,-2085.7153,-0.10541187,-0.115871385,-0.00034678544
0.722,-11011.294,-2062.973,-0.10497022,-0.11523656,-0.0002856956
0.723,-10963.252,-2041.8429,-0.10452874,-0.114572875,-0.00028562816
0.724,-10915.949,-2021.2274,-0.10411521,-0.113938,-0.00019412085
0.725,-10873.096,-1999.7418,-0.10367204,-0.113303125,-0.00010262622
0.726,-10830.293,-1978.7302,-0.10325987,-0.11263944,-0.00016360712
0.727,-10789.447,-1957.2349,-0.102758944,-0.11197574,-0.00016357437
0.728,-10745.244,-1936.8074,-0.102227375,-0.11131201,-0.00019414628
0.729,-10699.852,-1916.2622,-0.1017846,-0.110648304,-0.0001636568
0.73,-10656.649,-1897.0718,-0.101284854,-0.11001349,-0.00013301913
0.731,-10605.369,-1875.8657,-0.10084167,-0.1093209,-0.00013307769
0.732,-10556.143,-1857.2272,-0.10031127,-0.1086572,-0.00016356264
0.733,-10498.794,-1837.0863,-0.09986874,-0.1079935,-0.00016357335
0.734,-10445.819,-1817.5751,-0.09939783,-0.10727209,-0.0002855715
0.735,-10394.713,-1798.9987,-0.0988658,-0.106666066,-0.00034669566
0.736,-10344.901,-1785.7192,-0.09839418,-0.10594466,-0.00043822904
0.737,-10297.94,-1777.3962,-0.097835526,-0.10519824,-0.0004381048
0.738,-10248.472,-1772.3586,-0.09730294,-0.10429981,-0.0003771978
0.739,-10197.5625,-1769.3066,-0.096654326,-0.10334754,-0.00043822135
0.74,-10145.866,-1767.005,-0.096035935,-0.102342024,-0.00046867182
0.741,-10094.089,-1765.4126,-0.09541696,-0.101298735,-0.00043813
0.742,-10039.708,-1763.911,-0.09470983,-0.10031761,-0.00040756655
0.743,-9980.35,-1800.6564,-0.09397175,-0.09939418,-0.0004076296
0.744,-9926.581,-1851.3682,-0.0932349,-0.098413065,-0.00031604848
0.745,-9872.16,-1902.0924,-0.09258609,-0.09734967,-0.00028553285
0.746,-9824.141,-1952.8284,-0.09187849,-0.09621994,-0.0003465568
0.747,-9778.868,-2001.6202,-0.091140226,-0.09512689,-0.00034663285
0.748,-9727.931,-2052.4795,-0.09043484,-0.09408457,-0.00043801006
0.749,-9676.957,-1973.5391,-0.08970109,-0.09293026,-0.00037706303
0.75,-9627.9795,-1875.1956,-0.08895899,-0.09186255,-0.00034656018
0.751,-9183.73,-1771.4554,-0.08757348,-0.09041972,-0.00040756722
0.752,-8737.106,-1668.7162,-0.08565732,-0.08845747,-0.00043805188
0.753,-8353.148,-1568.0629,-0.083357446,-0.08629321,-0.0004685672
0.754,-8014.206,-1467.5399,-0.080969006,-0.08395581,-0.0005296088
0.755,-7699.218,-1366.7363,-0.078344285,-0.08167611,-0.00068223354
0.756,-7403.145,-1268.2184,-0.07586798,-0.07910787,-0.00062116113
0.757,-7116.8677,-1170.092,-0.073302165,-0.076539606,-0.00062120194
0.758,-6836.703,-1065.9974,-0.07061942,-0.07405793,-0.000407546
0.759,-6562.932,-958.1822,-0.06799656,-0.07154743,-0.0004074439
0.76,-6295.13,-848.4643,-0.06546017,-0.06897916,-0.00043800697
0.761,-6030.5293,-738.00684,-0.06286546,-0.06646862,-0.0004380046
0.762,-5770.729,-627.51245,-0.060270336,-0.06392921,-0.00040751524
0.763,-5509.4326,-522.4733,-0.057676446,-0.061591834,-0.0003769343
0.764,-5254.0176,-415.0521,-0.055144552,-0.05911015,-0.00031590546
0.765,-5002.1323,-310.3406,-0.052548513,-0.056686148,-0.00019391971
0.766,-4755.6416,-207.18896,-0.050099343,-0.05426223,-0.00031584408
0.767,-4516.343,-103.218796,-0.047621455,-0.051895946,-0.00028540625
0.768,-4275.7676,-15.486412,-0.045150295,-0.04958744,-0.00034633503
0.769,-4039.6516,4.0787873,-0.04284516,-0.04713459,-0.00025485829
0.77,-3804.6133,7.88882,-0.040485494,-0.044854883,-0.00022439934
0.771,-3573.3083,7.6978583,-0.038187146,-0.042604093,-0.00022428419
0.772,-3341.228,5.28569,-0.035946187,-0.040410973,-0.00028532138
0.773,-3106.6555,4.3572874,-0.033645973,-0.038246706,-0.0002853446
0.7739999999999999,-2879.9978,2.9706686,-0.03143438,-0.036082447,-0.00031587307
0.7749999999999999,-2657.5913,1.2358927,-0.029282637,-0.034120202,-0.0004073712
0.7759999999999999,-2438.358,3.6509583,-0.027100405,-0.03210022,-0.00031583814
0.7769999999999999,-2222.4792,1.7891012,-0.02500658,-0.030051379,-0.00032032124
0.7779999999999999,-2006.5006,1.0111607,-0.022856181,-0.02808917,-0.00025467182
0.7789999999999999,-1796.4369,1.8441938,-0.02078931,-0.02621341,-0.00034643552
0.7799999999999999,-1588.5513,2.054363,-0.018784873,-0.024280017,-0.00037690712
0.7809999999999999,-1382.4435,2.5900304,-0.016986122,-0.022466488,-0.00034639554
0.7819999999999999,-1179.221,1.9985564,-0.015365207,-0.020817224,-0.00028529752
0.7829999999999999,-975.78015,0.44377568,-0.013950688,-0.019258976,-0.0002547166
0.7839999999999999,-776.9716,0.10444907,-0.012652521,-0.017873831,-0.00016321799
0.7849999999999999,-580.2593,-0.14450574,-0.011532086,-0.016517565,-0.000102175705
0.7859999999999999,-385.36456,0.32492852,-0.0104702,-0.0153344255,-0.00013271738
0.7869999999999999,-173.98341,1.2102642,-0.009556388,-0.014266731,-0.00013269311
0.7879999999999999,-17.388107,-0.43533522,-0.008730966,-0.013289412,-0.00019370872
0.7889999999999999,0.78222495,1.3133016,-0.008052263,-0.012391033,-0.00013270578
0.7899999999999999,1.4770528,0.83196837,-0.0074341055,-0.011611925,-7.158616e-05
0.7909999999999999,2.333553,0.784007,-0.0068138503,-0.010861623,-7.165725e-05
0.7919999999999999,2.2530546,-0.16545574,-0.0063136956,-0.010226801,-0.00013260299
0.7929999999999999,5.534898,-1.1795459,-0.0059058997,-0.009586801,-0.00013261371
0.7939999999999999,6.416501,-1.3299646,-0.005522314,-0.009014812,-0.00022415083
0.7949999999999999,5.279988,-1.9293264,-0.0051636393,-0.008524249,-0.00031569283
0.7959999999999999,4.015838,-1.3012874,-0.0048092026,-0.008062526,-0.00022417691
0.7969999999999999,-0.58920616,-0.6020922,-0.0045690616,-0.0075719478,-0.0002280962
0.7979999999999999,-1.1489205,0.13366236,-0.004307545,-0.007196813,-0.00016315449
0.7989999999999999,0.176644,-0.6955826,-0.00404338,-0.0069082743,-0.00022900292
0.7999999999999999,-0.7047735,0.048503168,-0.0038055403,-0.006475375,-0.00028526323
0.8009999999999999,-4.016706,0.60804015,-0.003516915,-0.0058693946,-0.0002547001
0.8019999999999999,-5.0331397,0.36962688,-0.003098836,-0.0049171327,-0.00022414097
0.8029999999999999,-5.714057,-0.9596705,-0.0026024317,-0.004085159,-0.00022414293
0.8039999999999999,-2.465387,-1.5889392,-0.002214293,-0.0034454379,-0.0001325704
0.8049999999999999,1.6797601,-2.1990259,-0.0019197096,-0.0028971664,-7.150662e-05
0.8059999999999999,-0.45538676,-1.8539908,-0.0016839148,-0.002464317,-0.0001020088
0.8069999999999999,-2.7668211,-0.08595132,-0.0014736678,-0.002118032,-7.1493334e-05
0.8079999999999999,-3.209191,-0.9268008,-0.0012704786,-0.0018005955,-0.00010203859
0.8089999999999999,-5.550377,0.4931883,-0.0010978802,-0.0015985944,-4.1006155e-05
0.8099999999999999,-5.2340517,-0.28360835,-0.00094554236,-0.0013388726,-1.0512202e-05
0.8109999999999999,-8.203795,-0.27866656,-0.000858112,-0.0011710968,-1.0426961e-05
0.8119999999999999,-4.985594,0.3794001,-0.00073831656,-0.0011079978,-4.1072926e-05
0.813,-0.4648985,-0.16880174,-0.0006502458,-0.0009637234,-4.103516e-05
0.814,-0.010541816,-1.2064282,-0.00056339346,-0.0007906221,-0.00013245975
0.815,-0.3070388,-1.3628565,-0.000444186,-0.00070402055,-0.00022409733
0.816,0.096333966,-1.0496577,-0.00035593234,-0.000617455,-0.00016303803
0.817,-4.6740437,-0.6665973,-0.00032611802,-0.0005597334,-0.00016305306
0.818,-3.5975251,0.4695068,-0.00029648337,-0.00047315934,-0.00013253708
0.819,-4.4675503,-0.70059335,-0.00023712484,-0.00044429296,-0.00016307428
0.82,-5.5780964,-0.72654474,-0.00023223336,-0.00035773887,-0.00019353321
0.821,-6.4693413,1.2798117,-0.00023792965,-0.0003000287,-0.00019351335
0.822,-6.66724,1.8259023,-0.0001789149,-0.00024701847,-0.00013247204
0.823,-4.4416785,-0.3343043,-0.00014851216,-0.00018457783,-0.00013253071
0.824,-2.461839,-0.32185477,-0.00014913558,-0.00024230646,-4.0922358e-05
0.825,-0.5835095,-1.9984627,-0.00014927195,-0.000213453,8.116758e-05
0.826,1.4286464,-0.5461602,-0.0001245003,-0.00021344476,-1.0400349e-05
0.827,-2.4185524,-0.09247939,-0.00012000465,-0.00018917138,-1.0350272e-05
0.828,-3.4272027,-0.28170022,-6.0592396e-05,-0.0001845903,-4.0891344e-05
0.829,-3.0514812,0.5972047,-6.196065e-05,-0.000155767,-1.0262855e-05
0.83,-4.68606,1.0073957,-5.9930026e-05,-9.8003606e-05,5.0631246e-05
0.831,-5.7438626,0.93892896,-1.4539576e-06,-0.000102817605,5.0677194e-05
0.832,-4.4657817,0.30580312,-5.4040247e-05,-6.911337e-05,-1.0485824e-05
0.833,-0.98031265,-1.2919515,-3.074773e-05,-6.915392e-05,2.0164374e-05
0.834,2.5374057,-1.3365444,-6.0605013e-05,-1.1449474e-05,-0.00013238654
0.835,3.600519,-1.0177499,-6.1040206e-05,-4.0316743e-05,-0.00016286255
0.836,1.7140142,-1.1684994,-3.1277017e-05,-4.030979e-05,-0.000101838494
0.837,-0.01863199,0.24970537,-3.072323e-05,-0.00012686633,-0.00016290543
0.838,1.4833033,-0.6777744,-2.9975037e-05,-6.913439e-05,-7.139868e-05
0.839,-1.5647255,-0.54432195,-3.6847403e-05,-0.00012688432,-0.00013231373
0.84,0.102133386,-0.635766,2.8536826e-05,-6.9145346e-05,-0.00016289877
0.841,-3.2372808,1.2761883,2.890898e-05,-6.9136106e-05,-0.00013239923
0.842,-4.8500676,0.034344066,2.8548806e-05,-4.0288076e-05,-0.00010184549
0.843,-0.22500664,0.43257266,-8.97778e-07,-4.0287036e-05,-7.132136e-05
0.844,1.5702946,-0.21041265,2.833089e-05,-6.9149915e-05,-4.0775376e-05
0.845,3.5665963,-0.24317318,2.8288061e-05,-4.029411e-05,5.0790077e-05
0.846,3.0150695,-0.6299683,-5.4854772e-05,-1.1417282e-05,2.0221472e-05
0.847,-1.85845,0.86781585,2.8559407e-05,1.7426264e-05,2.0271262e-05
0.848,-3.1746235,-0.033498313,3.4320774e-07,-1.1399312e-05,-1.0331042e-05
0.849,-3.1290474,0.29006207,-2.064729e-07,-6.912612e-05,2.3944447e-05
0.85,-4.0881724,0.5387159,-3.0707142e-05,-6.9150905e-05,8.1356746e-05
0.851,-5.8468633,1.0068268,-7.821878e-07,-9.799672e-05,8.133349e-05
0.852,-5.9117913,-1.7052985,2.8275379e-05,-4.029359e-05,2.0339465e-05
0.853,1.3626952,-1.3164204,6.150904e-05,-6.915228e-05,2.0355157e-05
0.854,2.0854537,-1.6424471,2.9107081e-05,-4.027298e-05,-0.00010177375
0.855,2.5617166,-2.3804348,2.902933e-05,-4.0274765e-05,-0.00013227615
0.856,4.0451155,-1.6053734,5.7616664e-05,-4.029662e-05,-0.00010168262
0.857,-1.7190187,-0.39597836,2.7992475e-05,-4.0299932e-05,-0.000101662816
0.858,-2.3512888,-0.50841475,2.960783e-05,-1.1403508e-05,-7.125567e-05
0.859,-2.6839237,-0.93864423,2.8773939e-05,-4.0280545e-05,-0.00010170191
0.86,-4.94868,-0.7016823,4.836656e-07,-1.1394449e-05,-0.00013229862
0.861,-5.345334,-0.09554879,-2.9428229e-05,1.7451957e-05,-0.00013225748
0.862,-8.701148,-0.34872693,-2.985992e-05,-6.912873e-05,-7.118094e-05
0.863,-4.1833124,-0.63177013,-2.9471395e-05,-4.0262352e-05,-4.0682728e-05
0.864,-1.3943621,-0.5917542,-2.9551074e-05,-6.912092e-05,2.036791e-05
0.865,0.9617396,-1.7325556,-2.9695804e-05,-4.0267616e-05,0.00010719077
0.866,-1.0261077,-1.3422457,2.9312649e-05,-4.0266517e-05,2.0394542e-05
0.867,-4.8535547,0.07888637,2.9525516e-05,-4.0261184e-05,5.0905735e-05
0.868,-6.1018295,-0.62442136,2.9972838e-05,-1.1393381e-05,2.0364443e-05
0.869,-7.480714,0.06449611,3.112188e-05,-4.0221836e-05,5.0806215e-05
0.87,-9.655289,0.4211848,3.2159203e-08,1.7452438e-05,8.145224e-05
0.871,-6.884075,1.4534061,-2.2189023e-07,4.6303056e-05,8.148051e-05
0.872,-7.1849422,0.52986467,9.302045e-07,1.7474676e-05,5.0886956e-05
0.873,-1.3453555,0.2888039,-3.0156296e-05,4.1601055e-05,4.6053945e-05
0.874,-0.852981,-1.7271934,1.3507218e-06,-4.022827e-05,-7.119582e-05
0.875,1.113157,-1.7270983,1.1580994e-06,-4.0232873e-05,-0.00016272491
0.876,-0.6838372,-0.6168809,-2.8700677e-05,-6.909866e-05,-7.113491e-05
0.877,-2.9903462,-0.15335232,1.172201e-06,-4.023229e-05,-7.1154296e-05
0.878,-4.013765,-0.8405715,2.9580298e-05,-4.025854e-05,-4.0547468e-05
0.879,-4.86508,-1.0600424,6.0036746e-05,-6.909134e-05,-0.00010164523
0.88,-4.821303,-0.923028,2.9827748e-05,-1.1395514e-05,-0.00013209967
0.881,-6.560245,-0.23360373,1.4954182e-06,1.7489592e-05,-0.00013217566
0.882,-8.048456,0.25796032,3.1007556e-05,-6.577645e-06,-7.113319e-05
0.883,-5.2111673,-0.54546356,1.8629598e-06,4.635556e-05,-4.0631352e-05
0.884,-3.3089666,-1.2026365,2.6857731e-05,-7.050451e-06,5.0937328e-05
0.885,0.27590054,-1.3567868,1.6407942e-06,1.7493629e-05,0.00011199208
0.886,-1.9637674,-0.59731525,1.0313381e-06,-6.909141e-05,2.04939e-05
0.887,-4.9170184,0.7484488,1.4777547e-06,-4.022362e-05,8.150533e-05
0.888,-4.347237,0.07497135,7.5381877e-07,-4.0241237e-05,2.0533336e-05
0.889,-5.7136188,0.3233037,-5.759429e-05,-1.1369191e-05,5.1014304e-05
0.89,-6.7868237,-0.22005925,5.5817916e-05,-1.1385377e-05,0.000112108326
0.891,-6.843613,0.19088285,3.1227806e-05,-1.1359907e-05,8.152333e-05
0.892,-5.00878,-0.2517261,1.019825e-06,-1.137752e-05,5.1068873e-05
0.8929999999999999,-1.6271697,-0.5729706,3.130024e-05,1.7498867e-05,2.0501715e-05
0.8939999999999999,-0.15982592,-1.736071,1.5596553e-06,1.7492706e-05,-9.987551e-06
0.8949999999999999,0.17993857,-1.7056117,3.0786727e-05,1.7486524e-05,-0.00016254705
0.8959999999999999,-0.5011053,-0.24407132,3.1239997e-05,-1.1359017e-05,-7.101843e-05
0.8969999999999999,-3.047824,-0.25121713,3.0864056e-05,-1.1368109e-05,-7.098113e-05
0.8979999999999999,-3.9092813,-0.09878394,3.1891374e-05,-4.0199546e-05,-1.0012678e-05
0.8989999999999999,-1.6589689,0.5257679,3.140239e-05,-4.021141e-05,-7.100219e-05
0.8999999999999999,-3.0584161,-0.37242004,1.3682699e-06,-6.90815e-05,-0.000101469486
0.9009999999999999,-5.0036507,-0.3401593,-2.125358e-05,-6.902883e-05,-0.000101619094
0.9019999999999999,-5.342781,0.5423007,-2.6566635e-05,-6.4526634e-05,-4.0530427e-05
0.9029999999999999,-2.3670938,-0.20219165,3.3490705e-05,-1.1303042e-05,-7.1119335e-05
0.9039999999999999,1.0429057,-0.72027075,3.3351334e-05,1.3812314e-05,5.097088e-05
0.9049999999999999,2.0240598,-1.0705882,5.8447215e-05,-1.1292344e-05,0.00011197356
0.9059999999999999,-1.0698164,-0.6214156,3.3726254e-05,1.7559847e-05,2.0444384e-05
0.9069999999999999,-2.4000926,1.2623998,5.7967527e-06,1.759806e-05,5.085607e-05
0.9079999999999999,-3.7942197,0.26966506,6.5417116e-06,1.761643e-05,2.0292708e-05
0.9089999999999999,-4.3740745,0.5003877,7.1075056e-06,1.7630411e-05,5.077773e-05
0.9099999999999999,-7.165427,0.22067119,6.6710645e-06,7.533331e-05,0.00011185477
0.9109999999999999,-5.763397,1.1553454,-2.2761284e-05,-3.5472014e-05,8.1342645e-05
0.9119999999999999,-4.198392,0.5741884,-2.504277e-05,-4.0048355e-05,5.0701998e-05
0.9129999999999999,2.1880078,-0.4982418,8.489623e-06,-1.1192014e-05,5.0712955e-05
0.9139999999999999,3.802827,-1.682015,-5.0090235e-05,-4.0039096e-05,-7.137689e-05
0.9149999999999999,1.8533924,-1.3430202,3.905254e-05,-1.116535e-05,-0.00010193612
0.9159999999999999,0.089178115,-0.6144718,4.0430583e-05,-3.9988194e-05,-7.1511386e-05
0.9169999999999999,-2.029118,-0.03005282,7.1820774e-05,-1.49323005e-05,-0.00010216078
0.9179999999999999,-2.320499,0.37696066,4.1331194e-05,1.7747598e-05,-1.052411e-05
0.9189999999999999,-2.5174198,0.04017068,4.1593103e-05,-1.1102629e-05,-7.15693e-05
0.9199999999999999,-2.7080564,0.060045242,1.2454774e-05,-1.1094035e-05,-0.00010680493
0.9209999999999999,-5.121864,0.27186105,8.729391e-06,1.77737e-05,-0.00010212645
0.9219999999999999,-5.1579847,1.123287,1.3110305e-05,1.7779026e-05,-4.1097683e-05
0.9229999999999999,-2.9120376,0.45606685,1.4382741e-05,2.2854623e-05,-4.118261e-05
0.9239999999999999,-2.3024745,-0.5961517,1.4421592e-05,-3.9902097e-05,2.4806437e-05
0.9249999999999999,1.550964,-1.0942351,1.5513417e-05,-3.9875227e-05,0.00014185811
0.9259999999999999,1.5349362,0.15119117,-1.4694829e-05,-1.1036122e-05,7.671372e-05
0.9269999999999999,-2.6119797,2.1076908,4.089248e-05,1.7833107e-05,8.085798e-05
0.9279999999999999,-3.6184824,-0.13761394,4.510986e-05,-1.1015399e-05,1.980767e-05
0.9289999999999999,-5.1200585,-0.1993058,4.713711e-05,1.7891152e-05,8.070187e-05
0.9299999999999999,-6.2669497,-0.55201757,1.6643406e-05,-1.0990224e-05,0.00011130385
0.9309999999999999,-5.658076,1.1707505,4.6922378e-05,-1.0970634e-05,0.000111254354
0.9319999999999999,-3.0945199,1.4283805,4.831313e-05,1.7920322e-05,5.01254e-05
0.9329999999999999,1.7514436,-0.11216345,-1.1034493e-05,4.676788e-05,1.9645386e-05
0.9339999999999999,2.87787,-1.1549569,-1.0175214e-05,4.678905e-05,-4.1444204e-05
0.9349999999999999,2.9298208,-0.8499208,-1.0776842e-05,7.563117e-05,-0.00013294286
0.9359999999999999,3.7112856,-0.38657144,2.0035513e-05,-3.6086858e-05,-7.1996816e-05
0.9369999999999999,-0.19045384,0.60718644,-8.524683e-06,-1.0971681e-05,-7.5508564e-05
0.938,-1.510954,-0.029705873,-7.679171e-06,-3.9719533e-05,-4.1591582e-05
0.939,-1.6844723,-0.30356807,-8.28364e-06,-1.08775e-05,-7.205493e-05
0.94,-4.810982,-0.39963737,2.1827196e-05,-6.857549e-05,-0.00013312706
0.941,-4.2421513,-0.109761305,2.8333136e-05,-1.083367e-05,-0.00010268551
0.942,-6.980766,0.388589,5.208908e-05,-1.0842742e-05,-4.161317e-05
0.943,-1.1904334,-0.78191227,2.3934168e-05,1.804671e-05,-3.693632e-05
0.944,0.101463005,0.027453642,2.4378443e-05,1.8057715e-05,4.9827016e-05
0.945,1.7415156,-2.2608714,2.4128283e-05,4.690843e-05,0.00014140784
0.946,-0.046063308,-0.5632997,-4.3800574e-06,4.693246e-05,4.9792052e-05
0.947,-1.4847399,0.43405658,-5.0994304e-06,1.8058226e-05,8.0372374e-05
0.948,-1.5061321,0.5145577,-4.822179e-06,-3.964835e-05,1.9326144e-05
0.949,-2.6110363,0.6741601,-2.7401377e-06,-3.959722e-05,8.021628e-05
0.95,-4.3871846,0.8768332,-3.3478245e-05,-3.962782e-05,0.00011083639
0.951,-3.9711196,1.1865854,-3.0859504e-05,-3.956354e-05,0.00011065163
0.952,-4.4852853,0.40010378,-3.105908e-05,-1.0711587e-05,4.9640603e-05
0.953,0.4106451,-0.38095784,2.9406416e-05,1.8181972e-05,4.9539027e-05
0.954,2.8447995,-1.5888581,2.7691929e-05,-1.071668e-05,-7.239486e-05
0.955,4.4350257,-1.3577484,5.7623056e-05,-1.0705613e-05,-0.00013345366
0.956,2.496963,-1.875259,2.9527255e-05,-1.0671475e-05,-7.25121e-05
0.957,0.01408081,-0.27356294,-6.777773e-07,-1.0689016e-05,-4.1931624e-05
0.958,1.046323,0.40588135,3.0016532e-05,1.8197512e-05,-4.201192e-05
0.959,-0.7251204,-0.27548194,3.0108442e-05,1.8199882e-05,-7.252691e-05
0.96,-0.5766768,0.09921629,6.0155853e-06,-4.4576176e-05,-0.0001030508
0.961,-1.7432544,-0.51989585,1.8750972e-06,-1.0625994e-05,-0.00010311831
0.962,-4.034356,-0.056576435,2.0316088e-06,-3.9478768e-05,-4.2085394e-05
0.963,-1.046787,-0.034847356,2.5954744e-06,-3.9464834e-05,-4.211778e-05
0.964,0.4909617,-0.23535495,2.8071213e-06,-3.945953e-05,4.9428807e-05
0.965,3.6591127,-0.6488,3.2739383e-05,1.8265055e-05,0.00014095787
0.966,1.0241703,-0.4447378,3.395576e-05,1.8294975e-05,4.9324244e-05
0.967,-0.19902776,1.3664539,6.4353204e-05,-1.05392955e-05,7.978351e-05
0.968,-1.8680162,0.61834335,3.502462e-05,1.8321402e-05,1.8746292e-05
0.969,-2.8610055,1.6227959,3.5237943e-05,-1.0530017e-05,7.9775e-05
0.97,-4.360537,-0.34681123,5.905488e-06,1.8330584e-05,0.00014080846
0.971,-2.9521239,0.50523406,7.4600653e-06,1.8368792e-05,0.00011018502
0.972,-3.8326254,0.75927335,7.4495e-06,4.7225378e-05,4.9159982e-05
0.973,1.6709428,-0.2770847,-2.3229855e-05,-3.9374e-05,1.874048e-05
0.974,3.6263604,-1.4778244,-2.1842123e-05,-3.933988e-05,-4.2388296e-05
0.975,4.3448706,-1.1033841,-2.1210255e-05,-3.932428e-05,-7.294332e-05
0.976,3.5143821,-1.1534276,8.947916e-06,-9.702112e-05,-4.246627e-05
0.977,-0.65519696,0.08821068,-2.0086316e-05,-3.9296505e-05,-7.300781e-05
0.978,0.7064208,0.31225294,3.8038543e-05,-1.0460333e-05,-1.1900619e-05
0.979,1.4447427,-1.0148785,3.9366616e-05,-3.92844e-05,-7.302487e-05
0.98,-0.63254446,0.36926767,1.0445426e-05,4.7299727e-05,-0.0001035747
0.981,-3.7053776,-0.07784796,4.0381074e-05,1.845418e-05,-0.000103598744
0.982,-3.7866092,-0.4975564,1.0937042e-05,-1.0401479e-05,-4.25572e-05
0.983,-1.2883036,-1.19766,1.1440985e-05,1.846775e-05,-1.20675395e-05
0.984,0.37468782,-1.7223188,1.0845012e-05,4.7309994e-05,1.8503782e-05
0.985,3.071262,-0.6242965,-1.7488728e-05,-1.4770906e-05,0.0001358496
0.986,0.36136866,0.632762,-4.6356745e-05,-3.9216695e-05,7.9426725e-05
0.987,-1.956743,0.8347013,-4.567541e-05,-3.9199884e-05,7.938563e-05
0.988,-1.9704428,-0.009379227,-4.5051267e-05,-3.9184473e-05,4.8831225e-05
0.989,-2.854114,-0.20603326,-4.547764e-05,-1.0338076e-05,4.887227e-05
0.99,-5.165949,-0.9283666,4.4121996e-05,-1.0309861e-05,0.00010983191
0.991,-4.6038127,0.3714903,4.3691492e-05,-1.032029e-05,0.00010575421
0.992,-1.5041412,-0.47978446,4.460754e-05,1.8559036e-05,4.877951e-05
0.993,2.3247783,-0.31759015,1.9949643e-05,4.7412475e-05,1.828169e-05
0.994,4.2508745,0.13039747,4.5611505e-05,1.858387e-05,-4.2828928e-05
0.995,4.8976316,0.0489464,1.6994481e-05,1.8605238e-05,-0.000103918916
0.996,2.7076826,0.1145537,1.7033706e-05,-4.7925128e-06,-7.339489e-05
0.997,-1.4671588,0.4936461,1.6775832e-05,-1.0256645e-05,-4.2848744e-05
0.998,-0.44594648,0.80863166,-1.0685096e-05,-3.9063678e-05,-1.2471753e-05
0.999,-0.3859722,1.3271773,-1.09358225e-05,-1.0212976e-05,-7.3478936e-05
